time,open,Volume
1427328000,3515857630,17894986.56
1427414400,3546676464,17894986.56
1427500800,3528462674,17894986.56
1427587200,3605230375,17516375
1427673600,3454576973,17516375
1427760000,3532126982,17516375
1427846400,3472605886,17516375
1427932800,3511945657,17516375
1428019200,3606294195,17516375
1428105600,3619244788,17516375
1428192000,3616446556,12344039.47
1428278400,3713914660,12344039.47
1428364800,3642130702,12344039.47
1428451200,3615300564,12344039.47
1428537600,3486341343,12344039.47
1428624000,3471411826,12344039.47
1428710400,3360491892,12344039.47
1428796800,3367075444,16999062.09
1428883200,3370761158,16999062.09
1428969600,3179938440,16999062.09
1429056000,3076750497,16999062.09
1429142400,3176659625,16999062.09
1429228800,3242039264,16999062.09
1429315200,3172980575,16999062.09
1429401600,3190270754,13997233.22
1429488000,3178061993,13997233.22
1429574400,3202462587,13997233.22
1429660800,3365437978,13997233.22
1429747200,3331090415,13997233.22
1429833600,3366808220,13997233.22
1429920000,3298182238,13997233.22
1430006400,3234944398,20541847.58
1430092800,3140680222,20541847.58
1430179200,3248465171,20541847.58
1430265600,3218536732,20541847.58
1430352000,3222549584,20541847.58
1430438400,3377048864,20541847.58
1430524800,3298840056,20541847.58
1430611200,3344816902,14445647.87
1430697600,3426623868,14445647.87
1430784000,3405384413,14445647.87
1430870400,3361052273,14445647.87
1430956800,3264735090,14445647.87
1431043200,3386776585,14445647.87
1431129600,3476593406,14445647.87
1431216000,3462896684,18899655.38
1431302400,3423823146,18899655.38
1431388800,3455481346,18899655.38
1431475200,3454357579,18899655.38
1431561600,3382271995,18899655.38
1431648000,3400450784,18899655.38
1431734400,3404629732,18899655.38
1431820800,3384173613,11164678.17
1431907200,3386535447,11164678.17
1431993600,3347990825,11164678.17
1432080000,3325600610,11164678.17
1432166400,3369958053,11164678.17
1432252800,3378881779,11164678.17
1432339200,3435721871,11164678.17
1432425600,3430321921,16133637.68
1432512000,3456529153,16133637.68
1432598400,3400096025,16133637.68
1432684800,3402001500,16133637.68
1432771200,3399714459,16133637.68
1432857600,3420022292,16133637.68
1432944000,3412267650,16133637.68
1433030400,3359294218,15697200.26
1433116800,3314060779,15697200.26
1433203200,3233321444,15697200.26
1433289600,3260323221,15697200.26
1433376000,3253299873,15697200.26
1433462400,3227420919,15697200.26
1433548800,3249631379,15697200.26
1433635200,3263774432,12890033.7
1433721600,3231489375,12890033.7
1433808000,3309743840,12890033.7
1433894400,3317755882,12890033.7
1433980800,3304143257,12890033.7
1434067200,3323600139,12890033.7
1434153600,3325936266,12890033.7
1434240000,3366470904,15700977.21
1434326400,3372465957,15700977.21
1434412800,3429640835,15700977.21
1434499200,3633638681,15700977.21
1434585600,3602799870,15700977.21
1434672000,3613964983,15700977.21
1434758400,3545898618,15700977.21
1434844800,3565468132,23380614.07
1434931200,3549391464,23380614.07
1435017600,3584161517,23380614.07
1435104000,3550895392,23380614.07
1435190400,3495851134,23380614.07
1435276800,3523503494,23380614.07
1435363200,3535904394,23380614.07
1435449600,3663493435,27837294.42
1435536000,3623351976,27837294.42
1435622400,3732116289,27837294.42
1435708800,3826118266,27837294.42
1435795200,3754228907,27837294.42
1435881600,3710089731,27837294.42
1435968000,3732697170,27837294.42
1436054400,3800626305,23110437.28
1436140800,3960231451,23110437.28
1436227200,3918535865,23110437.28
1436313600,3876586547,23110437.28
1436400000,3943943423,23110437.28
1436486400,3926548191,23110437.28
1436572800,4156631813,23110437.28
1436659200,4261170750,68614093.68
1436745600,4537637045,68614093.68
1436832000,4276822357,68614093.68
1436918400,4202947454,68614093.68
1437004800,4176641238,68614093.68
1437091200,4057135462,68614093.68
1437177600,4079175190,68614093.68
1437264000,4053171856,32387028.79
1437350400,4027810604,32387028.79
1437436800,4084062904,32387028.79
1437523200,4048346995,32387028.79
1437609600,4064342645,32387028.79
1437696000,4050895108,32387028.79
1437782400,4231456831,32387028.79
1437868800,4238838277,26822520.06
1437955200,4297527114,26822520.06
1438041600,4313255710,26822520.06
1438128000,4312681746,26822520.06
1438214400,4253429750,26822520.06
1438300800,4231312490,26822520.06
1438387200,4180660372,26822520.06
1438473600,4120449894,27511814.56
1438560000,4154741332,27511814.56
1438646400,4123292963,27511814.56
1438732800,4188092279,27511814.56
1438819200,4135076265,27511814.56
1438905600,4080927617,27511814.56
1438992000,4115065984,27511814.56
1439078400,3860522621,67872215.66
1439164800,3902551777,67872215.66
1439251200,3888694835,67872215.66
1439337600,3992399086,67872215.66
1439424000,3939704047,67872215.66
1439510400,3899506287,67872215.66
1439596800,3910246028,67872215.66
1439683200,3856604444,27871720.43
1439769600,3777463513,27871720.43
1439856000,3785311217,27871720.43
1439942400,3304117819,27871720.43
1440028800,3339390433,27871720.43
1440115200,3469081902,27871720.43
1440201600,3444496527,27871720.43
1440288000,3412739793,27651487.51
1440374400,3373614579,27651487.51
1440460800,3097479473,27651487.51
1440547200,3284396241,27651487.51
1440633600,3334749191,27651487.51
1440720000,3322958165,27651487.51
1440806400,3420702835,27651487.51
1440892800,3406764927,20620962.66
1440979200,3386677076,20620962.66
1441065600,3404128857,20620962.66
1441152000,3370109922,20620962.66
1441238400,3383927487,20620962.66
1441324800,3358176790,20620962.66
1441411200,3409428789,20620962.66
1441497600,3489670731,29604764.4
1441584000,3560148057,29604764.4
1441670400,3556499508,29604764.4
1441756800,3613450886,29604764.4
1441843200,3531318908,29604764.4
1441929600,3534026425,29604764.4
1442016000,3553113446,29604764.4
1442102400,3483971513,19007089.25
1442188800,3406490323,19007089.25
1442275200,3408631425,19007089.25
1442361600,3411573898,19007089.25
1442448000,3388861678,19007089.25
1442534400,3446051986,19007089.25
1442620800,3462367910,19007089.25
1442707200,3419032062,14732312.79
1442793600,3423801341,14732312.79
1442880000,3364219667,14732312.79
1442966400,3420893484,14732312.79
1443052800,3410730938,14732312.79
1443139200,3476181164,14732312.79
1443225600,3493585136,14732312.79
1443312000,3480490988,14578520.05
1443398400,3459421233,14578520.05
1443484800,3559153909,14578520.05
1443571200,3523560010,14578520.05
1443657600,3509281989,14578520.05
1443744000,3540434554,14578520.05
1443830400,3534310739,14578520.05
1443916800,3558616568,15032208.16
1444003200,3552045892,15032208.16
1444089600,3585443916,15032208.16
1444176000,3673304621,15032208.16
1444262400,3624300745,15032208.16
1444348800,3621007547,15032208.16
1444435200,3640455939,15032208.16
1444521600,3664286255,13192391.33
1444608000,3699756550,13192391.33
1444694400,3666883384,13192391.33
1444780800,3727746276,13192391.33
1444867200,3761992321,13192391.33
1444953600,3790784399,13192391.33
1445040000,3917873937,13192391.33
1445126400,4025997783,38210962.85
1445212800,3892763344,38210962.85
1445299200,3941311740,38210962.85
1445385600,4030462733,38210962.85
1445472000,3993549059,38210962.85
1445558400,4101871733,38210962.85
1445644800,4150555929,38210962.85
1445731200,4223476314,31759412.01
1445817600,4236775441,31759412.01
1445904000,4279810353,31759412.01
1445990400,4412344107,31759412.01
1446076800,4559172437,31759412.01
1446163200,4699446565,31759412.01
1446249600,4899067796,31759412.01
1446336000,4646367543,50886046.84
1446422400,4869940282,50886046.84
1446508800,5395300879,50886046.84
1446595200,6035713740,50886046.84
1446681600,6082528327,50886046.84
1446768000,5781941822,50886046.84
1446854400,5586451405,50886046.84
1446940800,5733089645,52226642.65
1447027200,5573022682,52226642.65
1447113600,5648673352,52226642.65
1447200000,5008283469,52226642.65
1447286400,4636013798,52226642.65
1447372800,5038968908,52226642.65
1447459200,5039775692,52226642.65
1447545600,4987999865,34458214.22
1447632000,4784097130,34458214.22
1447718400,4956212909,34458214.22
1447804800,5041783291,34458214.22
1447891200,5038155616,34458214.22
1447977600,4899704998,34458214.22
1448064000,4833132269,34458214.22
1448150400,4909000582,23560007.97
1448236800,4873096057,23560007.97
1448323200,4862574838,23560007.97
1448409600,4805569224,23560007.97
1448496000,4941916877,23560007.97
1448582400,5316952329,23560007.97
1448668800,5366951247,23560007.97
1448755200,5366277342,28861981.43
1448841600,5582251710,28861981.43
1448928000,5662945359,28861981.43
1449014400,5453314897,28861981.43
1449100800,5400060949,28861981.43
1449187200,5437117831,28861981.43
1449273600,5469888712,28861981.43
1449360000,5845639582,82109286.93
1449446400,5852833659,82109286.93
1449532800,5957941724,82109286.93
1449619200,6277859277,82109286.93
1449705600,6279884403,82109286.93
1449792000,6261487077,82109286.93
1449878400,6824838227,82109286.93
1449964800,6580372435,96298734.39
1450051200,6537760580,96298734.39
1450137600,6690285170,96298734.39
1450224000,7007052384,96298734.39
1450310400,6872800075,96298734.39
1450396800,6669246175,96298734.39
1450483200,6994241709,96298734.39
1450569600,6979419850,44683103.28
1450656000,6686399463,44683103.28
1450742400,6621330701,44683103.28
1450828800,6584066225,44683103.28
1450915200,6694586390,44683103.28
1451001600,6888988938,44683103.28
1451088000,6886461508,44683103.28
1451174400,6320337426,113941372.6
1451260800,6391387202,113941372.6
1451347200,6377726350,113941372.6
1451433600,6542012107,113941372.6
1451520000,6459470414,113941372.6
1451606400,6529729189,113941372.6
1451692800,6590792712,113941372.6
1451779200,6577205988,30988513.82
1451865600,6552704652,30988513.82
1451952000,6579580964,30988513.82
1452038400,6566594626,30988513.82
1452124800,6528871284,30988513.82
1452211200,6933748272,30988513.82
1452297600,6861914172,30988513.82
1452384000,6829132286,33320402.81
1452470400,6818334957,33320402.81
1452556800,6814676025,33320402.81
1452643200,6616408585,33320402.81
1452729600,6586005525,33320402.81
1452816000,6541588356,33320402.81
1452902400,5493780209,33320402.81
1452988800,5919905226,90519903.49
1453075200,5807389109,90519903.49
1453161600,5888811524,90519903.49
1453248000,5755873331,90519903.49
1453334400,6397100375,90519903.49
1453420800,6257234908,90519903.49
1453507200,5854404465,90519903.49
1453593600,5917115092,54330097.13
1453680000,6157003027,54330097.13
1453766400,5973241091,54330097.13
1453852800,6017813824,54330097.13
1453939200,6070505092,54330097.13
1454025600,5832374987,54330097.13
1454112000,5808227837,54330097.13
1454198400,5784969634,34596451.74
1454284800,5663969656,34596451.74
1454371200,5714547323,34596451.74
1454457600,5732417012,34596451.74
1454544000,5662284828,34596451.74
1454630400,5963320095,34596451.74
1454716800,5918972733,34596451.74
1454803200,5785191936,37751948.34
1454889600,5777992772,37751948.34
1454976000,5714636623,37751948.34
1455062400,5755978383,37751948.34
1455148800,5842347647,37751948.34
1455235200,5819182532,37751948.34
1455321600,5906441416,37751948.34
1455408000,6040397967,86036478.37
1455494400,6261029801,86036478.37
1455580800,6170162159,86036478.37
1455667200,6294066971,86036478.37
1455753600,6410866980,86036478.37
1455840000,6492261823,86036478.37
1455926400,6477850596,86036478.37
1456012800,6711587721,99735786.38
1456099200,6770528062,99735786.38
1456185600,6770586873,99735786.38
1456272000,6473504954,99735786.38
1456358400,6545757571,99735786.38
1456444800,6539028557,99735786.38
1456531200,6669331430,99735786.38
1456617600,6666889865,54276544.59
1456704000,6652395547,54276544.59
1456790400,6752326130,54276544.59
1456876800,6698355427,54276544.59
1456963200,6529539099,54276544.59
1457049600,6506062241,54276544.59
1457136000,6322014538,54276544.59
1457222400,6203268773,196266674.7
1457308800,6301476176,196266674.7
1457395200,6421143394,196266674.7
1457481600,6394980379,196266674.7
1457568000,6410540675,196266674.7
1457654400,6467418582,196266674.7
1457740800,6516105883,196266674.7
1457827200,6389134739,132853404.4
1457913600,6436850346,132853404.4
1458000000,6459094392,132853404.4
1458086400,6477719606,132853404.4
1458172800,6491026875,132853404.4
1458259200,6516326280,132853404.4
1458345600,6345328335,132853404.4
1458432000,6370290459,77808541.76
1458518400,6408597820,77808541.76
1458604800,6418263612,77808541.76
1458691200,6498047777,77808541.76
1458777600,6522262884,77808541.76
1458864000,6491093394,77808541.76
1458950400,6499970551,77808541.76
1459036800,6532417740,47058565.22
1459123200,6644998424,47058565.22
1459209600,6618120199,47058565.22
1459296000,6507612204,47058565.22
1459382400,6475504771,47058565.22
1459468800,6490599821,47058565.22
1459555200,6518256870,47058565.22
1459641600,6578801577,42061644.84
1459728000,6567407985,42061644.84
1459814400,6570336021,42061644.84
1459900800,6628220562,42061644.84
1459987200,6595140883,42061644.84
1460073600,6583318223,42061644.84
1460160000,6546437931,42061644.84
1460246400,6566752106,65228690.76
1460592000,6655105032,65228690.76
1460678400,6651948290,65228690.76
1460764800,6721992536,65228690.76
1460851200,6750550253,55261265.31
1460937600,6703778516,55261265.31
1461024000,6717971905,55261265.31
1461110400,6835407634,55261265.31
1461196800,6932825990,55261265.31
1461283200,7068728793,55261265.31
1461369600,7012432956,55261265.31
1461456000,7103424966,68046350.49
1461542400,7227485954,68046350.49
1461628800,7256105744,68046350.49
1461715200,7335229637,68046350.49
1461801600,6996395792,68046350.49
1461888000,7069052060,68046350.49
1461974400,7172193201,68046350.49
1462060800,7061089225,104890589.9
1462147200,7132965600,104890589.9
1462233600,6994303174,104890589.9
1462320000,7105350895,104890589.9
1462406400,7044565600,104890589.9
1462492800,7061622587,104890589.9
1462579200,7221511477,104890589.9
1462665600,7233869292,50020342.43
1462752000,7214668622,50020342.43
1462838400,7270326038,50020342.43
1462924800,7105047931,50020342.43
1463011200,7139526073,50020342.43
1463097600,7175515917,50020342.43
1463184000,7197789796,50020342.43
1463270400,7210791071,49925414.99
1463356800,7230426634,49925414.99
1463443200,7175339052,49925414.99
1463529600,7158514345,49925414.99
1463616000,7151078586,49925414.99
1463702400,6902250023,49925414.99
1463788800,7009585331,49925414.99
1463875200,7024305691,56518492.57
1463961600,6959220291,56518492.57
1464048000,7019509817,56518492.57
1464134400,7061129755,56518492.57
1464220800,7107846877,56518492.57
1464307200,7168235667,56518492.57
1464393600,7450052540,56518492.57
1464480000,8304929830,220343762.5
1464566400,8236619137,220343762.5
1464652800,8393357931,220343762.5
1464739200,8463943725,220343762.5
1464825600,8539674204,220343762.5
1464912000,8554435257,220343762.5
1464998400,9058014727,220343762.5
1465084800,9136277911,113336310.5
1465171200,9139267140,113336310.5
1465257600,9299906784,113336310.5
1465344000,9192465243,113336310.5
1465430400,9286123590,113336310.5
1465516800,9181690308,113336310.5
1465603200,9187796948,113336310.5
1465689600,9731315932,146191982.4
1465776000,10645237685,146191982.4
1465862400,11206159436,146191982.4
1465948800,10921136603,146191982.4
1466035200,11072542614,146191982.4
1466121600,12215488193,146191982.4
1466208000,11853647235,146191982.4
1466294400,12003349120,412472871.3
1466380800,12092084863,412472871.3
1466467200,11548221750,412472871.3
1466553600,10602864786,412472871.3
1466640000,9579151992,412472871.3
1466726400,9933251382,412472871.3
1466812800,10532276032,412472871.3
1466899200,10630530766,124362919.7
1466985600,10096098355,124362919.7
1467072000,10397215629,124362919.7
1467158400,10371381291,124362919.7
1467244800,10271908749,124362919.7
1467331200,10786625286,124362919.7
1467417600,10846162492,124362919.7
1467504000,11206382545,135261773.2
1467590400,10554961404,135261773.2
1467676800,10891560649,135261773.2
1467763200,10682002816,135261773.2
1467849600,10817221911,135261773.2
1467936000,10235153026,135261773.2
1468022400,10616383756,135261773.2
1468108800,10513873640,184755346.5
1468195200,10468270380,184755346.5
1468281600,10520467712,184755346.5
1468368000,10948952235,184755346.5
1468454400,10795292355,184755346.5
1468540800,10870862515,184755346.5
1468627200,10927962696,184755346.5
1468713600,10934399358,57004927.18
1468800000,11201891475,57004927.18
1468886400,11027343668,57004927.18
1468972800,11175891287,57004927.18
1469059200,11008342537,57004927.18
1469145600,10985794024,57004927.18
1469232000,10737621631,57004927.18
1469318400,10908140528,96900091.97
1469404800,11000416974,96900091.97
1469491200,10859859609,96900091.97
1469577600,10730494266,96900091.97
1469664000,10823446431,96900091.97
1469750400,10808912448,96900091.97
1469836800,10775069688,96900091.97
1469923200,10777810746,81074832.64
1470009600,10262882848,81074832.64
1470096000,9971515505,81074832.64
1470182400,8770952986,81074832.64
1470268800,9446094803,81074832.64
1470355200,9623589380,81074832.64
1470441600,9466958899,81074832.64
1470528000,9720068250,123409525.3
1470614400,9807433293,123409525.3
1470700800,9807376385,123409525.3
1470787200,9649320110,123409525.3
1470873600,9771395197,123409525.3
1470960000,9646172147,123409525.3
1471046400,9661696735,123409525.3
1471132800,9682031741,59052724.06
1471219200,9433406268,59052724.06
1471305600,9371099108,59052724.06
1471392000,9513377766,59052724.06
1471478400,9489515856,59052724.06
1471564800,9477355542,59052724.06
1471651200,9466624426,59052724.06
1471737600,9576632199,53735249.91
1471824000,9579445517,53735249.91
1471910400,9702676287,53735249.91
1471996800,9598093218,53735249.91
1472083200,9548752453,53735249.91
1472169600,9469751870,53735249.91
1472256000,9502557185,53735249.91
1472342400,9386055749,83626933.07
1472428800,9466563527,83626933.07
1472515200,9515345430,83626933.07
1472601600,9555109124,83626933.07
1472688000,9548978763,83626933.07
1472774400,9429539902,83626933.07
1472860800,9531336746,83626933.07
1472947200,9946071516,241627692.2
1473033600,10076889030,241627692.2
1473120000,10063193132,241627692.2
1473206400,10167926000,241627692.2
1473292800,10196604171,241627692.2
1473379200,10336671411,241627692.2
1473465600,10291030722,241627692.2
1473552000,10324434470,63023451.4
1473638400,10019363933,63023451.4
1473724800,10047895836,63023451.4
1473811200,10056835694,63023451.4
1473897600,10076012745,63023451.4
1473984000,9998353516,63023451.4
1474070400,10021259024,63023451.4
1474156800,10022820540,51772166.84
1474243200,10058667051,51772166.84
1474329600,10066615803,51772166.84
1474416000,9895403285,51772166.84
1474502400,9835805137,51772166.84
1474588800,9833833380,51772166.84
1474675200,9943011946,51772166.84
1474761600,9969468632,49118342.56
1474848000,9948404238,49118342.56
1474934400,10043006957,49118342.56
1475020800,10002293789,49118342.56
1475107200,9991634704,49118342.56
1475193600,9990805742,49118342.56
1475280000,10051696433,49118342.56
1475366400,10121162108,66150252.24
1475452800,10070813904,66150252.24
1475539200,10115458881,66150252.24
1475625600,10050471248,66150252.24
1475712000,10079536814,66150252.24
1475798400,10076058591,66150252.24
1475884800,10158894926,66150252.24
1475971200,10251209633,55345610.94
1476057600,10222934012,55345610.94
1476144000,10235922303,55345610.94
1476230400,10573057410,55345610.94
1476316800,10503367738,55345610.94
1476403200,10507000675,55345610.94
1476489600,10519020360,55345610.94
1476576000,10491156489,46345351.27
1476662400,10557268998,46345351.27
1476748800,10520943808,46345351.27
1476835200,10476010558,46345351.27
1476921600,10382972270,46345351.27
1477008000,10384283188,46345351.27
1477094400,10416960508,46345351.27
1477180800,10837009209,103125861.3
1477267200,10741963293,103125861.3
1477353600,10713659891,103125861.3
1477440000,10727726626,103125861.3
1477526400,11053482946,103125861.3
1477612800,11195350057,103125861.3
1477699200,11322285479,103125861.3
1477785600,11727391657,193209737.7
1477872000,11480022146,193209737.7
1477958400,11453772582,193209737.7
1478044800,11961459524,193209737.7
1478131200,12062067808,193209737.7
1478217600,11271184093,193209737.7
1478304000,11606852050,193209737.7
1478390400,11642365036,68508140.94
1478476800,11711894570,68508140.94
1478563200,11668280955,68508140.94
1478649600,11722159308,68508140.94
1478736000,11874201539,68508140.94
1478822400,11715167667,68508140.94
1478908800,11786337128,68508140.94
1478995200,11570904744,98677322.8
1479081600,11586914741,98677322.8
1479168000,11683291908,98677322.8
1479254400,11757466192,98677322.8
1479340800,12172235700,98677322.8
1479427200,12114139080,98677322.8
1479513600,12326629434,98677322.8
1479600000,12361437488,112546180.4
1479686400,11974830122,112546180.4
1479772800,12152962685,112546180.4
1479859200,12325824018,112546180.4
1479945600,12230666959,112546180.4
1480032000,12165154480,112546180.4
1480118400,12222360984,112546180.4
1480204800,12129242313,63561385.01
1480291200,12030080552,63561385.01
1480377600,12098337397,63561385.01
1480464000,12094108391,63561385.01
1480550400,12254105670,63561385.01
1480636800,12434174422,63561385.01
1480723200,12763085754,63561385.01
1480809600,12648065371,72899920.76
1480896000,12628139955,72899920.76
1480982400,12430767069,72899920.76
1481068800,12516230829,72899920.76
1481155200,12621663169,72899920.76
1481241600,12674898024,72899920.76
1481328000,12716126329,72899920.76
1481414400,12747706576,73270916.56
1481500800,12731087937,73270916.56
1481587200,12873564223,73270916.56
1481673600,12861123952,73270916.56
1481760000,12826859847,73270916.56
1481846400,13069563648,73270916.56
1481932800,13198037323,73270916.56
1482019200,13308991869,78265867.56
1482105600,13306740031,78265867.56
1482192000,13305575230,78265867.56
1482278400,13469996508,78265867.56
1482364800,13920400410,78265867.56
1482451200,14388183732,78265867.56
1482537600,15309042458,78265867.56
1482624000,15037746522,175391208.9
1482710400,15041268672,175391208.9
1482796800,15191336074,175391208.9
1482883200,15651545688,175391208.9
1482969600,16468280037,175391208.9
1483056000,16338718226,175391208.9
1483142400,16192710739,175391208.9
1483228800,16391631388,114752462
1483315200,16779779035,114752462
1483401600,17164090175,114752462
1483488000,17413410600,114752462
1483574400,19215145714,114752462
1483660800,16950688944,114752462
1483747200,15102881759,114752462
1483833600,15328794806,283657928.7
1483920000,15461802382,283657928.7
1484006400,15277779990,283657928.7
1484092800,15324000147,283657928.7
1484179200,13237287663,283657928.7
1484265600,13677766575,283657928.7
1484352000,14031184076,283657928.7
1484438400,14012574451,123518307.1
1484524800,14043207480,123518307.1
1484611200,14170357714,123518307.1
1484697600,15340951848,123518307.1
1484784000,14993813386,123518307.1
1484870400,15324094718,123518307.1
1484956800,15198272755,123518307.1
1485043200,15654813939,121486118.6
1485129600,15664275269,121486118.6
1485216000,15564057383,121486118.6
1485302400,14958545494,121486118.6
1485388800,15150535263,121486118.6
1485475200,15516271879,121486118.6
1485561600,15580670592,121486118.6
1485648000,15617677875,81659911.74
1485734400,15527617671,81659911.74
1485820800,15637789050,81659911.74
1485907200,16425070062,81659911.74
1485993600,16730970241,81659911.74
1486080000,17020321201,81659911.74
1486166400,17170032833,81659911.74
1486252800,17447444938,162630406.1
1486339200,17097841802,162630406.1
1486425600,17308057764,162630406.1
1486512000,17806670287,162630406.1
1486598400,17785609935,162630406.1
1486684800,16704322197,162630406.1
1486771200,16910558036,162630406.1
1486857600,17143162698,103800863.9
1486944000,17042621306,103800863.9
1487030400,16920845193,103800863.9
1487116800,17146580274,103800863.9
1487203200,17165875785,103800863.9
1487289600,17487094692,103800863.9
1487376000,17907204815,103800863.9
1487462400,17912057044,118218695.4
1487548800,17846086740,118218695.4
1487635200,18315457208,118218695.4
1487721600,19091379170,118218695.4
1487808000,19022563775,118218695.4
1487894400,19897225568,118218695.4
1487980800,19921796010,118218695.4
1488067200,19382960674,176863994.7
1488153600,19937429278,176863994.7
1488240000,20140043453,176863994.7
1488326400,20174860783,176863994.7
1488412800,20785070366,176863994.7
1488499200,21342018031,176863994.7
1488585600,21861717897,176863994.7
1488672000,21538736759,233029249
1488758400,21619047377,233029249
1488844800,21905460894,233029249
1488931200,21033395894,233029249
1489017600,19585898708,233029249
1489104000,20407671024,233029249
1489190400,18960188082,233029249
1489276800,20367057096,409519102.3
1489363200,21265247217,409519102.3
1489449600,21530741490,409519102.3
1489536000,21651819339,409519102.3
1489622400,21959111006,409519102.3
1489708800,20555265838,409519102.3
1489795200,18870859151,409519102.3
1489881600,17274676058,1151007039
1489968000,18073143034,1151007039
1490054400,18526923437,1151007039
1490140800,19678662874,1151007039
1490227200,18496297631,1151007039
1490313600,18542520069,1151007039
1490400000,16935322066,1151007039
1490486400,17358190413,616526808.8
1490572800,17385461850,616526808.8
1490659200,18604498405,616526808.8
1490745600,18707341881,616526808.8
1490832000,18656091473,616526808.8
1490918400,18800652729,616526808.8
1491004800,19743948400,616526808.8
1491091200,19882716830,495655320.2
1491177600,21505930629,495655320.2
1491264000,21222773305,495655320.2
1491350400,21412495412,495655320.2
1491436800,21077619404,495655320.2
1491523200,21891711306,495655320.2
1491609600,22024997676,495655320.2
1491696000,21890466936,336281644.5
1491782400,22242138409,336281644.5
1491868800,22232749536,336281644.5
1491955200,22385601340,336281644.5
1492041600,22424107539,336281644.5
1492128000,21806823222,336281644.5
1492214400,21719776062,336281644.5
1492300800,21805673770,358476370
1492387200,21952984014,358476370
1492473600,22191357450,358476370
1492560000,22369606455,358476370
1492646400,22363723808,358476370
1492732800,22784617018,358476370
1492819200,23110250111,358476370
1492905600,23030676479,575079582
1492992000,23044894568,575079582
1493078400,23211280877,575079582
1493164800,23689066126,575079582
1493251200,23966226787,575079582
1493337600,25012953211,575079582
1493424000,25491343352,575079582
1493510400,26123209042,800408526.5
1493596800,26266887637,800408526.5
1493683200,27518784795,800408526.5
1493769600,27928058088,800408526.5
1493856000,29213020962,800408526.5
1493942400,30566484462,800408526.5
1494028800,31011374540,800408526.5
1494115200,32270282951,1300382484
1494201600,34409610033,1300382484
1494288000,37805561903,1300382484
1494374400,36669400947,1300382484
1494460800,39237299700,1300382484
1494547200,39827502965,1300382484
1494633600,38187839700,1300382484
1494720000,40003254911,834790645.7
1494806400,40508290167,834790645.7
1494892800,41445704288,834790645.7
1494979200,44207683371,834790645.7
1495065600,46837988043,834790645.7
1495152000,48038414411,834790645.7
1495238400,48139269327,834790645.7
1495324800,50548019155,1918829947
1495411200,50469221576,1918829947
1495497600,50622485444,1918829947
1495584000,55297223799,1918829947
1495670400,56804307629,1918829947
1495756800,52449799474,1918829947
1495843200,52503665329,1918829947
1495929600,46498507796,4304881779
1496016000,49885812380,4304881779
1496102400,51222541797,4304881779
1496188800,48678039251,4304881779
1496275200,52297737159,4304881779
1496361600,57860544093,4304881779
1496448000,58296906637,4304881779
1496534400,59727226509,3349250871
1496620800,59554429513,3349250871
1496707200,62652096528,3349250871
1496793600,66010776435,3349250871
1496880000,62112160175,3349250871
1496966400,64864867955,3349250871
1497052800,65199851444,3349250871
1497139200,65759832278,5734470172
1497225600,67847472631,5734470172
1497312000,61059189301,5734470172
1497398400,63276910909,5734470172
1497484800,58066379783,5734470172
1497571200,56709762426,5734470172
1497657600,58232078807,5734470172
1497744000,61729870622,5162185433
1497830400,59612753207,5162185433
1497916800,61937730236,5162185433
1498003200,65293301809,5162185433
1498089600,61989504780,5162185433
1498176000,63131121608,5162185433
1498262400,63740809409,5162185433
1498348800,60833585104,2842166097
1498435200,58315632778,2842166097
1498521600,55948910680,2842166097
1498608000,59505721213,2842166097
1498694400,59641614087,2842166097
1498780800,58693226985,2842166097
1498867200,56619206963,2842166097
1498953600,55152913927,2460772006
1499040000,57455740885,2460772006
1499126400,58125050824,2460772006
1499212800,59189154601,2460772006
1499299200,59757040415,2460772006
1499385600,59520469095,2460772006
1499472000,55864021401,2460772006
1499558400,57122849487,2470810456
1499644800,55776408090,2470810456
1499731200,50206533692,2470810456
1499817600,49213474786,2470810456
1499904000,52121027860,2470810456
1499990400,71013606040,2470810456
1500076800,69149640837,2470810456
1500163200,61350822088,2826121485
1500249600,57900675397,2826121485
1500336000,68684965601,2826121485
1500422400,75468369716,2826121485
1500508800,69608395514,2826121485
1500595200,85222349822,2826121485
1500681600,79917006949,2826121485
1500768000,85700587589,2913868415
1500854400,83773241069,2913868415
1500940800,83498798610,2913868415
1501027200,76143941978,2913868415
1501113600,75366372198,2913868415
1501200000,78037664090,2913868415
1501286400,77874720751,2913868415
1501372800,78251666102,2067074663
1501459200,77453713775,2067074663
1501545600,80991801710,2067074663
1501632000,81774127138,2067074663
1501718400,81600110240,2067074663
1501804800,84310693625,2067074663
1501891200,84652314450,2067074663
1501977600,99117484849,4494574540
1502064000,98351133935,4494574540
1502150400,1.05092E+11,4494574540
1502236800,1.08597E+11,4494574540
1502323200,1.05006E+11,4494574540
1502409600,1.07161E+11,4494574540
1502496000,1.13199E+11,4494574540
1502582400,1.16632E+11,5373585498
1502668800,1.18428E+11,5373585498
1502755200,1.23731E+11,5373585498
1502841600,1.18743E+11,5373585498
1502928000,1.23435E+11,5373585498
1503014400,1.23511E+11,5373585498
1503100800,1.25846E+11,5373585498
1503187200,1.2591E+11,8218652752
1503273600,1.25388E+11,8218652752
1503360000,1.26406E+11,8218652752
1503446400,1.30822E+11,8218652752
1503532800,1.32668E+11,8218652752
1503619200,1.34209E+11,8218652752
1503705600,1.36737E+11,8218652752
1503792000,1.38041E+11,3874536540
1503878400,1.38923E+11,3874536540
1503964800,1.40555E+11,3874536540
1504051200,1.45201E+11,3874536540
1504137600,1.47353E+11,3874536540
1504224000,1.52369E+11,3874536540
1504310400,1.57846E+11,3874536540
1504396800,1.45639E+11,6930661014
1504483200,1.45442E+11,6930661014
1504569600,1.30698E+11,6930661014
1504656000,1.35377E+11,6930661014
1504742400,1.44003E+11,6930661014
1504828800,1.444E+11,6930661014
1504915200,1.34782E+11,6930661014
1505001600,1.33759E+11,3376065973
1505088000,1.31268E+11,3376065973
1505174400,1.31658E+11,3376065973
1505260800,1.30035E+11,3376065973
1505347200,1.20851E+11,3376065973
1505433600,98953953109,3376065973
1505520000,1.13487E+11,3376065973
1505606400,1.13061E+11,3701206270
1505692800,1.13425E+11,3701206270
1505779200,1.26719E+11,3701206270
1505865600,1.21011E+11,3701206270
1505952000,1.1967E+11,3701206270
1506038400,1.10674E+11,3701206270
1506124800,1.1139E+11,3701206270
1506211200,1.1739E+11,2251022378
1506297600,1.14557E+11,2251022378
1506384000,1.21831E+11,2251022378
1506470400,1.20882E+11,2251022378
1506556800,1.306E+11,2251022378
1506643200,1.29157E+11,2251022378
1506729600,1.28372E+11,2251022378
1506816000,1.32872E+11,2637861184
1506902400,1.33554E+11,2637861184
1506988800,1.32836E+11,2637861184
1507075200,1.30103E+11,2637861184
1507161600,1.27692E+11,2637861184
1507248000,1.30737E+11,2637861184
1507334400,1.32808E+11,2637861184
1507420800,1.34728E+11,1833150509
1507507200,1.37665E+11,1833150509
1507593600,1.36573E+11,1833150509
1507680000,1.38078E+11,1833150509
1507766400,1.41327E+11,1833150509
1507852800,1.51039E+11,1833150509
1507939200,1.5894E+11,1833150509
1508025600,1.61791E+11,3595291452
1508112000,1.60047E+11,3595291452
1508198400,1.60757E+11,3595291452
1508284800,1.56255E+11,3595291452
1508371200,1.54367E+11,3595291452
1508457600,1.55187E+11,3595291452
1508544000,1.58555E+11,3595291452
1508630400,1.59222E+11,3684183291
1508716800,1.5763E+11,3684183291
1508803200,1.53972E+11,3684183291
1508889600,1.51107E+11,3684183291
1508976000,1.54727E+11,3684183291
1509062400,1.56771E+11,3684183291
1509148800,1.55128E+11,3684183291
1509235200,1.54856E+11,3772575352
1509321600,1.63614E+11,3772575352
1509408000,1.6388E+11,3772575352
1509494400,1.68223E+11,3772575352
1509580800,1.72448E+11,3772575352
1509667200,1.77862E+11,3772575352
1509753600,1.84039E+11,3772575352
1509840000,1.86997E+11,3963217324
1509926400,1.87066E+11,3963217324
1510012800,1.80284E+11,3963217324
1510099200,1.83052E+11,3963217324
1510185600,1.9331E+11,3963217324
1510272000,1.90893E+11,3963217324
1510358400,1.82934E+11,3963217324
1510444800,1.88634E+11,19505432075
1510531200,1.80779E+11,19505432075
1510617600,1.92232E+11,19505432075
1510704000,1.94954E+11,19505432075
1510790400,2.05626E+11,19505432075
1510876800,2.10207E+11,19505432075
1510963200,2.12608E+11,19505432075
1511049600,2.18722E+11,7590908393
1511136000,2.22512E+11,7590908393
1511222400,2.29503E+11,7590908393
1511308800,2.2521E+11,7590908393
1511395200,2.32806E+11,7590908393
1511481600,2.36816E+11,7590908393
1511568000,2.47224E+11,7590908393
1511654400,2.5689E+11,9818568195
1511740800,2.6982E+11,9818568195
1511827200,2.78555E+11,9818568195
1511913600,2.82882E+11,9818568195
1512000000,2.7238E+11,9818568195
1512086400,2.76592E+11,9818568195
1512172800,3.01122E+11,9818568195
1512259200,3.01102E+11,9324992922
1512345600,3.11038E+11,9324992922
1512432000,3.2441E+11,9324992922
1512518400,3.25365E+11,9324992922
1512604800,3.54072E+11,9324992922
1512691200,4.02304E+11,9324992922
1512777600,4.02472E+11,9324992922
1512864000,3.84551E+11,23054873872
1512950400,3.7907E+11,23054873872
1513036800,4.23324E+11,23054873872
1513123200,4.63371E+11,23054873872
1513209600,4.59454E+11,23054873872
1513296000,4.87578E+11,23054873872
1513382400,4.9951E+11,23054873872
1513468800,5.39795E+11,28506700101
1513555200,5.47236E+11,28506700101
1513641600,5.6972E+11,28506700101
1513728000,5.67179E+11,28506700101
1513814400,5.6434E+11,28506700101
1513900800,5.53556E+11,28506700101
1513987200,4.78326E+11,28506700101
1514073600,5.16533E+11,28521685066
1514160000,4.94176E+11,28521685066
1514246400,4.93776E+11,28521685066
1514332800,5.35401E+11,28521685066
1514419200,5.25092E+11,28521685066
1514505600,5.03904E+11,28521685066
1514592000,5.37026E+11,28521685066
1514678400,4.94009E+11,33666774767
1514764800,5.3472E+11,33666774767
1514851200,5.35218E+11,33666774767
1514937600,5.86367E+11,33666774767
1515024000,6.43657E+11,33666774767
1515110400,6.45108E+11,33666774767
1515196800,6.63472E+11,33666774767
1515283200,6.90057E+11,41916645520
1515369600,6.93128E+11,41916645520
1515456000,6.49259E+11,41916645520
1515542400,6.35515E+11,41916645520
1515628800,6.43883E+11,41916645520
1515715200,5.81115E+11,41916645520
1515801600,6.25797E+11,41916645520
1515888000,6.50447E+11,33178275597
1515974400,6.21621E+11,33178275597
1516060800,5.98768E+11,33178275597
1516147200,4.77137E+11,33178275597
1516233600,4.81157E+11,33178275597
1516320000,4.95624E+11,33178275597
1516406400,5.02942E+11,33178275597
1516492800,5.5404E+11,30396880057
1516579200,4.94479E+11,30396880057
1516665600,4.66483E+11,30396880057
1516752000,4.66354E+11,30396880057
1516838400,4.91365E+11,30396880057
1516924800,4.83131E+11,30396880057
1517011200,4.78519E+11,30396880057
1517097600,4.93931E+11,19176494014
1517184000,5.19386E+11,19176494014
1517270400,4.95748E+11,19176494014
1517356800,4.40315E+11,19176494014
1517443200,4.52314E+11,19176494014
1517529600,3.9953E+11,19176494014
1517616000,3.79698E+11,19176494014
1517702400,4.04216E+11,20968172000
1517788800,3.50069E+11,20968172000
1517875200,2.89727E+11,20968172000
1517961600,3.30202E+11,20968172000
1518048000,3.18605E+11,20968172000
1518134400,3.52508E+11,20968172000
1518220800,3.78076E+11,20968172000
1518307200,3.73721E+11,21020893373
1518393600,3.52244E+11,21020893373
1518480000,3.82886E+11,21020893373
1518566400,3.68439E+11,21020893373
1518652800,4.12779E+11,21020893373
1518739200,4.22655E+11,21020893373
1518825600,4.33373E+11,21020893373
1518912000,4.59883E+11,21156251342
1518998400,4.27394E+11,21156251342
1519084800,4.49638E+11,21156251342
1519171200,4.33144E+11,21156251342
1519257600,4.05346E+11,21156251342
1519344000,3.81862E+11,21156251342
1519430400,3.99777E+11,21156251342
1519516800,3.84837E+11,15124551632
1519603200,3.85391E+11,15124551632
1519689600,4.05648E+11,15124551632
1519776000,4.1101E+11,15124551632
1519862400,3.97462E+11,15124551632
1519948800,4.15578E+11,15124551632
1520035200,4.14064E+11,15124551632
1520121600,4.20757E+11,13822226471
1520208000,4.2817E+11,13822226471
1520294400,4.19646E+11,13822226471
1520380800,3.96999E+11,13822226471
1520467200,3.66896E+11,13822226471
1520553600,3.42426E+11,13822226471
1520640000,3.47198E+11,13822226471
1520726400,3.27934E+11,12033053828
1520812800,3.53488E+11,12033053828
1520899200,3.3718E+11,12033053828
1520985600,3.37214E+11,12033053828
1521072000,2.99594E+11,12033053828
1521158400,3.00119E+11,12033053828
1521244800,2.98256E+11,12033053828
1521331200,2.8014E+11,10649606524
1521417600,2.87094E+11,10649606524
1521504000,3.05415E+11,10649606524
1521590400,3.14192E+11,10649606524
1521676800,3.13283E+11,10649606524
1521763200,3.05171E+11,10649606524
1521849600,3.10016E+11,10649606524
1521936000,2.98596E+11,11567833026
1522022400,2.97567E+11,11567833026
1522108800,2.81881E+11,11567833026
1522195200,2.6764E+11,11567833026
1522281600,2.70852E+11,11567833026
1522368000,2.3857E+11,11567833026
1522454400,2.34759E+11,11567833026
1522540800,2.39484E+11,9358223273
1522627200,2.32652E+11,9358223273
1522713600,2.40729E+11,9358223273
1522800000,2.57429E+11,9358223273
1522886400,2.33906E+11,9358223273
1522972800,2.34397E+11,9358223273
1523059200,2.27423E+11,9358223273
1523145600,2.37081E+11,8170735106
1523232000,2.43022E+11,8170735106
1523318400,2.36795E+11,8170735106
1523404800,2.40408E+11,8170735106
1523491200,2.50306E+11,8170735106
1523577600,2.86648E+11,8170735106
1523664000,2.84999E+11,8170735106
1523750400,2.90293E+11,13037661642
1523836800,3.06812E+11,13037661642
1523923200,2.9672E+11,13037661642
1524009600,2.92352E+11,13037661642
1524096000,3.10737E+11,13037661642
1524182400,3.24235E+11,13037661642
1524268800,3.54013E+11,13037661642
1524355200,3.49484E+11,19841241731
1524441600,3.49964E+11,19841241731
1524528000,3.63604E+11,19841241731
1524614400,3.91406E+11,19841241731
1524700800,3.51691E+11,19841241731
1524787200,3.75404E+11,19841241731
1524873600,3.61919E+11,19841241731
1524960000,3.86494E+11,26867019412
1525046400,3.94293E+11,26867019412
1525132800,3.80942E+11,26867019412
1525219200,3.79378E+11,26867019412
1525305600,3.8957E+11,26867019412
1525392000,4.10289E+11,26867019412
1525478400,4.0856E+11,26867019412
1525564800,4.20867E+11,23365312936
1525651200,4.09698E+11,23365312936
1525737600,3.95936E+11,23365312936
1525824000,3.91094E+11,23365312936
1525910400,3.93399E+11,23365312936
1525996800,3.75808E+11,23365312936
1526083200,3.46028E+11,23365312936
1526169600,3.51912E+11,20879574710
1526256000,3.66517E+11,20879574710
1526342400,3.63235E+11,20879574710
1526428800,3.51556E+11,20879574710
1526515200,3.47276E+11,20879574710
1526601600,3.30819E+11,20879574710
1526688000,3.40146E+11,20879574710
1526774400,3.40127E+11,14222705023
1526860800,3.53689E+11,14222705023
1526947200,3.45015E+11,14222705023
1527033600,3.22271E+11,14222705023
1527120000,2.96522E+11,14222705023
1527206400,3.07478E+11,14222705023
1527292800,2.99256E+11,14222705023
1527379200,2.96697E+11,11603692854
1527465600,2.96134E+11,11603692854
1527552000,2.75551E+11,11603692854
1527638400,2.97764E+11,11603692854
1527724800,2.96566E+11,11603692854
1527811200,3.04061E+11,14368343646
1527897600,3.05588E+11,15676475715
1527984000,3.15407E+11,16195892092
1528070400,3.23526E+11,15186700554
1528156800,3.10489E+11,14625831643
1528243200,3.17362E+11,13078724995
1528329600,3.17259E+11,13468683921
1528416000,3.17889E+11,13067965578
1528502400,3.14684E+11,13067965578
1528588800,3.08628E+11,13067965578
1528675200,2.7392E+11,13067965578
1528761600,2.78598E+11,13067965578
1528848000,2.59862E+11,13067965578
1528934400,2.50022E+11,15581406366
1529020800,2.67E+11,12913405787
1529107200,2.54565E+11,10035073557
1529193600,2.57836E+11,8459619369
1529280000,2.56286E+11,9007589364
1529366400,2.65793E+11,9007589364
1529452800,2.68919E+11,9007589364
1529539200,2.67931E+11,9007589364
1529625600,2.65226E+11,14229093184
1529712000,2.36029E+11,12621457427
1529798400,2.39647E+11,15228929519
1529884800,2.34122E+11,16397367814
1529971200,2.38147E+11,9215228235
1530057600,2.26314E+11,10276936399
1530144000,2.3171E+11,8893956349
1530230400,2.19094E+11,11462682968
1530316800,2.30576E+11,12705227924
1530403200,2.3925E+11,13695693771
1530489600,2.38375E+11,13183479829
1530576000,2.51854E+11,13614737286
1530662400,2.46388E+11,12467206239
1530748800,2.4975E+11,14441139789
1530835200,2.46655E+11,11986004856
1530921600,2.47396E+11,10787288918
1531008000,2.54145E+11,9954804257
1531094400,2.5198E+11,10971516883
1531180800,2.47397E+11,12490933390
1531267200,2.31479E+11,10790898530
1531353600,2.35473E+11,10346354184
1531440000,2.29188E+11,10949918564
1531526400,2.30163E+11,8104673206
1531612800,2.30963E+11,9212639108
1531699200,2.36899E+11,13108448876
1531785600,2.53213E+11,16635200971
1531872000,2.70674E+11,18033149244
1531958400,2.68839E+11,15065295918
1532044800,2.6803E+11,13990266025
1532131200,2.56932E+11,10572457793
1532217600,2.61604E+11,10411263408
1532304000,2.60219E+11,13274422971
1532390400,2.64334E+11,19063807638
1532476800,2.83694E+11,16034896133
1532563200,2.79232E+11,13076267354
1532649600,2.71264E+11,14185701027
1532736000,2.78219E+11,11169949065
1532822400,2.791E+11,11646135207
1532908800,2.77895E+11,16205304468
1532995200,2.73216E+11,14037010912
1533081600,2.58886E+11,13324692018
1533168000,2.55223E+11,11330604715
1533254400,2.50739E+11,12622149637
1533340800,2.49567E+11,11118739319
1533427200,2.38487E+11,9922215856
1533513600,2.4067E+11,10755635415
1533600000,2.36438E+11,13159754054
1533686400,2.25678E+11,14608339942
1533772800,2.0788E+11,11882931118
1533859200,2.16446E+11,12325116638
1533945600,2.00701E+11,11472585004
1534032000,1.99352E+11,14032858310
1534118400,2.0122E+11,11488963471
1534204800,1.9188E+11,14594575614
1534291200,1.88988E+11,13383628348
1534377600,1.91193E+11,12030875659
1534464000,1.94467E+11,15689767739
1534550400,2.11961E+11,12980629637
1534636800,2.00678E+11,10574792909
1534723200,2.05006E+11,10699162089
1534809600,1.93111E+11,9442254762
1534896000,2.00437E+11,12520523744
1534982400,1.94751E+11,9593091981
1535068800,2.00288E+11,11152254583
1535155200,2.04661E+11,8899425222
1535241600,2.05322E+11,8981336414
1535328000,2.04054E+11,11301439690
1535414400,2.13356E+11,12913810049
1535500800,2.19709E+11,12222028515
1535587200,2.16871E+11,12046102928
1535673600,2.14289E+11,12081200566
1535760000,2.15772E+11,12386397486
1535846400,2.24542E+11,12282246407
1535932800,2.25609E+11,11351237081
1536019200,2.23739E+11,12027740747
1536105600,2.25848E+11,16798847404
1536192000,1.96118E+11,15393758017
1536278400,1.94501E+11,11886289905
1536364800,1.89336E+11,10413794659
1536451200,1.84773E+11,10499599376
1536537600,1.85258E+11,10241801225
1536624000,1.85196E+11,10644717408
1536710400,1.82165E+11,11681432917
1536796800,1.81942E+11,12901330262
1536883200,1.87547E+11,12221948060
1536969600,1.86747E+11,9476937452
1537056000,1.88857E+11,9409041157
1537142400,1.88996E+11,11794670705
1537228800,1.82919E+11,11990604728
1537315200,1.87571E+11,11885368638
1537401600,1.88215E+11,12931117600
1537488000,1.97593E+11,23231292755
1537574400,2.08014E+11,15203303223
1537660800,2.06006E+11,13039220109
1537747200,2.08057E+11,12722654401
1537833600,2.00681E+11,15211059184
1537920000,2.00164E+11,14760458238
1538006400,2.00023E+11,15126798632
1538092800,2.0587E+11,15145715986
1538179200,2.03703E+11,14099622694
1538265600,2.05849E+11,13771394074
1538352000,2.06569E+11,13368117292
1538438400,2.06053E+11,12076955609
1538524800,2.02553E+11,12298616648
1538611200,2.01514E+11,11341115194
1538697600,2.02392E+11,10840501020
1538784000,2.05616E+11,10310622355
1538870400,2.03637E+11,10445817248
1538956800,2.04846E+11,11677737664
1539043200,2.06603E+11,10314979913
1539129600,2.0544E+11,10972845753
1539216000,2.0277E+11,15310597615
1539302400,1.83178E+11,11803377534
1539388800,1.86961E+11,8519535652
1539475200,1.87448E+11,8508875876
1539561600,1.85278E+11,21211285107
1539648000,1.95307E+11,11161324247
1539734400,1.96838E+11,11332787360
1539820800,1.96475E+11,10787748882
1539907200,1.93908E+11,9688949893
1539993600,1.94278E+11,9073827992
1540080000,1.95699E+11,9202013007
1540166400,1.95512E+11,9838990738
1540252800,1.95408E+11,9789719970
1540339200,1.95325E+11,8693823514
1540425600,1.95196E+11,8346391144
1540512000,1.94494E+11,8789410432
1540598400,1.94922E+11,8547199563
1540684800,1.94637E+11,8613192300
1540771200,1.95324E+11,10958113754
1540857600,1.89732E+11,9657866090
1540944000,1.90121E+11,10698825906
1541030400,1.91716E+11,9804049500
1541116800,1.9306E+11,11304371621
1541203200,1.94562E+11,9862632853
1541289600,1.94077E+11,13740824793
1541376000,2.00383E+11,12336367742
1541462400,2.00594E+11,14539529071
1541548800,2.07174E+11,14595411001
1541635200,2.06368E+11,13315017273
1541721600,2.00772E+11,12427748707
1541808000,1.98318E+11,10765093721
1541894400,1.99621E+11,11514258468
1541980800,1.99404E+11,12411512937
1542067200,1.98446E+11,12739171801
1542153600,1.95049E+11,20715399254
1542240000,1.74515E+11,20325887657
1542326400,1.7366E+11,14650634428
1542412800,1.70587E+11,12475582918
1542499200,1.7108E+11,12631025163
1542585600,1.73462E+11,20252600820
1542672000,1.4767E+11,23075289655
1542758400,1.34471E+11,17246327426
1542844800,1.41342E+11,12515253449
1542931200,1.32158E+11,14434200707
1543017600,1.31366E+11,13193963664
1543104000,1.17082E+11,19345240303
1543190400,1.20559E+11,17869914149
1543276800,1.14369E+11,16129180911
1543363200,1.1583E+11,19242099619
1543449600,1.28829E+11,17063497022
1543536000,1.28003E+11,15881528171
1543622400,1.20299E+11,14220579121
1543708800,1.24998E+11,13486096045
1543795200,1.23741E+11,13146970007
1543881600,1.15589E+11,13097140205
1543968000,1.17156E+11,13757823441
1544054400,1.1019E+11,15510663509
1544140800,1.00742E+11,18642020600
1544227200,99860031733,14388550958
1544313600,1.00093E+11,13329099197
1544400000,1.03812E+11,12991453262
1544486400,99951496314,12469560617
1544572800,98132849288,10804274558
1544659200,1.00681E+11,11264204462
1544745600,96139542916,11205622464
1544832000,93690204185,9316538651
1544918400,93361711575,10036579710
1545004800,93950634721,15231843040
1545091200,1.04339E+11,17063274612
1545177600,1.10595E+11,20018649005
1545264000,1.10601E+11,26152711963
1545350400,1.23583E+11,22152824907
1545436800,1.17172E+11,16465948549
1545523200,1.21594E+11,19919910740
1545609600,1.23534E+11,25078730717
1545696000,1.2756E+11,19933278958
1545782400,1.19165E+11,16844235180
1545868800,1.21718E+11,15406565139
1545955200,1.1212E+11,17639427409
1546041600,1.23986E+11,16152040754
1546128000,1.19147E+11,14543560310
1546214400,1.22474E+11,13515029994
1546300800,1.17183E+11,12643120172
1546387200,1.22221E+11,16413182162
1546473600,1.25962E+11,13648168329
1546560000,1.21698E+11,15013259579
1546646400,1.23333E+11,16211386019
1546732800,1.22841E+11,17117758200
1546819200,1.29478E+11,15335877214
1546905600,1.27689E+11,15296436296
1546992000,1.27849E+11,14902131655
1547078400,1.28926E+11,22143953220
1547164800,1.14837E+11,16407943111
1547251200,1.14805E+11,13833384216
1547337600,1.14287E+11,13789693626
1547424000,1.09853E+11,16570505756
1547510400,1.16121E+11,15892470137
1547596800,1.1275E+11,15926425352
1547683200,1.14222E+11,16040957129
1547769600,1.15132E+11,14692670057
1547856000,1.13711E+11,15826373271
1547942400,1.16077E+11,16554214471
1548028800,1.11534E+11,14303479169
1548115200,1.11471E+11,15579758878
1548201600,1.131E+11,15298649331
1548288000,1.12265E+11,14922711972
1548374400,1.1276E+11,15172511850
1548460800,1.12282E+11,14547741731
1548547200,1.12107E+11,16384424370
1548633600,1.10451E+11,21268479933
1548720000,1.06149E+11,17116966291
1548806400,1.04842E+11,17501601985
1548892800,1.081E+11,16726390949
1548979200,1.06312E+11,16038854248
1549065600,1.06985E+11,14919231976
1549152000,1.08443E+11,14955810286
1549238400,1.06227E+11,15127162812
1549324800,1.06108E+11,14798442230
1549411200,1.06742E+11,16178398522
1549497600,1.04427E+11,14262726260
1549584000,1.04828E+11,23427132047
1549670400,1.14189E+11,18789877372
1549756800,1.14273E+11,19422332679
1549843200,1.15734E+11,19761076907
1549929600,1.13179E+11,19619355410
1550016000,1.13795E+11,19789749215
1550102400,1.13337E+11,18919013753
1550188800,1.12344E+11,18884000079
1550275200,1.13128E+11,17704646403
1550361600,1.13306E+11,21696707460
1550448000,1.15758E+11,32148098906
1550534400,1.24363E+11,32652242868
1550620800,1.25038E+11,28264357290
1550707200,1.2755E+11,24403081684
1550793600,1.2532E+11,24123404222
1550880000,1.26793E+11,28373287712
1550966400,1.33087E+11,37724016317
1551052800,1.18767E+11,33458889548
1551139200,1.23086E+11,25279682028
1551225600,1.21758E+11,26277994612
1551312000,1.21444E+11,26735302684
1551398400,1.21581E+11,23469812087
1551484800,1.22293E+11,23546216881
1551571200,1.22104E+11,21635871089
1551657600,1.21157E+11,27999868512
1551744000,1.17804E+11,32598390028
1551830400,1.24121E+11,29907486457
1551916800,1.24612E+11,30668569623
1552003200,1.24801E+11,32204595352
1552089600,1.23416E+11,32928173277
1552176000,1.26405E+11,29200828134
1552262400,1.257E+11,30993253436
1552348800,1.24111E+11,29834719450
1552435200,1.25311E+11,28538613576
1552521600,1.25067E+11,31887748841
1552608000,1.2549E+11,28847966769
1552694400,1.2758E+11,31958141314
1552780800,1.30805E+11,25268538725
1552867200,1.29683E+11,30638994532
1552953600,1.29835E+11,29002387739
1553040000,1.30907E+11,32319679154
1553126400,1.32033E+11,34194821242
1553212800,1.29585E+11,28944262378
1553299200,1.30486E+11,29737908108
1553385600,1.3094E+11,28837161410
1553472000,1.30502E+11,31855680795
1553558400,1.28213E+11,31991896085
1553644800,1.28571E+11,37311724460
1553731200,1.33185E+11,29793423227
1553817600,1.32504E+11,34737860852
1553904000,1.35178E+11,32206089431
1553990400,1.35268E+11,28799939618
1554076800,1.35605E+11,32527252015
1554163200,1.37053E+11,71619428496
1554249600,1.61074E+11,85824548732
1554336000,1.62738E+11,63642557104
1554422400,1.60283E+11,55002812962
1554508800,1.66984E+11,55153116668
1554595200,1.66483E+11,55624853321
1554681600,1.71916E+11,59908773381
1554768000,1.73265E+11,49122342564
1554854400,1.69732E+11,52816832106
1554940800,1.73508E+11,57529612208
1555027200,1.62432E+11,45057483744
1555113600,1.63579E+11,35898336196
1555200000,1.62942E+11,34035565005
1555286400,1.66824E+11,42985788081
1555372800,1.61823E+11,37561998810
1555459200,1.67003E+11,39068132780
1555545600,1.67847E+11,43419744736
1555632000,1.70583E+11,43262655370
1555718400,1.70712E+11,39936770881
1555804800,1.71023E+11,43415677694
1555891200,1.68697E+11,43580494353
1555977600,1.70875E+11,47922059487
1556064000,1.72396E+11,53401995518
1556150400,1.67958E+11,47256434588
1556236800,1.58122E+11,51711499488
1556323200,1.58969E+11,38126747733
1556409600,1.59768E+11,37427592038
1556496000,1.5857E+11,42095692323
1556582400,1.58131E+11,44373772554
1556668800,1.64032E+11,41471710152
1556755200,1.6465E+11,43772928190
1556841600,1.65676E+11,56482838567
1556928000,1.73054E+11,53277693597
1557014400,1.73876E+11,43732647475
1557100800,1.72368E+11,49156124633
1557187200,1.73108E+11,54581989241
1557273600,1.71914E+11,45063653147
1557360000,1.76801E+11,47291052269
1557446400,1.7905E+11,56404450775
1557532800,1.84515E+11,90522775193
1557619200,2.07573E+11,85676136964
1557705600,2.00638E+11,82508282823
1557792000,2.19334E+11,1.00884E+11
1557878400,2.31189E+11,93148940032
1557964800,2.45597E+11,1.14966E+11
1558051200,2.38135E+11,1.03076E+11
1558137600,2.22542E+11,80638024009
1558224000,2.18696E+11,84497533090
1558310400,2.44557E+11,76232954057
1558396800,2.3825E+11,76167178957
1558483200,2.39065E+11,73154375930
1558569600,2.27864E+11,72473989215
1558656000,2.34668E+11,77673015702
1558742400,2.39112E+11,65354562382
1558828800,2.40736E+11,77450946718
1558915200,2.58205E+11,92671995197
1559001600,2.62651E+11,81044576142
1559088000,2.62724E+11,77658886739
1559174400,2.63401E+11,1.01041E+11
1559260800,2.5038E+11,84156605307
1559347200,2.60614E+11,75773785394
1559433600,2.59666E+11,67120623269
1559520000,2.65171E+11,74757508466
1559606400,2.46588E+11,82750195765
1559692800,2.35062E+11,70750330183
1559779200,2.38516E+11,63673468824
1559865600,2.40489E+11,64448839697
1559952000,2.45442E+11,55774316534
1560038400,2.42731E+11,56656082940
1560124800,2.32233E+11,63540599377
1560211200,2.45315E+11,57221787744
1560297600,2.42981E+11,63535557336
1560384000,2.51593E+11,63124515646
1560470400,2.52505E+11,64338905158
1560556800,2.61289E+11,60650241131
1560643200,2.65993E+11,74457591249
1560729600,2.69136E+11,51308337485
1560816000,2.78355E+11,52588789295
1560902400,2.7205E+11,46172400888
1560988800,2.77123E+11,55673548696
1561075200,2.8127E+11,66213522763
1561161600,2.98646E+11,95871220156
1561248000,3.11684E+11,67776353791
1561334400,3.1323E+11,62516237816
1561420800,3.18384E+11,76999177355
1561507200,3.31885E+11,1.32366E+11
1561593600,3.52715E+11,1.18208E+11
1561680000,3.07367E+11,1.0055E+11
1561766400,3.3456E+11,89932363531
1561852800,3.28985E+11,84421495468
1561939200,2.99546E+11,88404992579
1562025600,2.88368E+11,90416607437
1562112000,3.0172E+11,85208105785
1562198400,3.25112E+11,75115524807
1562284800,3.055E+11,70583225536
1562371200,3.03844E+11,63007479058
1562457600,3.08445E+11,60172460209
1562544000,3.16769E+11,69444426369
1562630400,3.32658E+11,80052760799
1562716800,3.35654E+11,97949716189
1562803200,3.19778E+11,87336823275
1562889600,2.98724E+11,70223276044
1562976000,3.10837E+11,61972170602
1563062400,3.00399E+11,69013672117
1563148800,2.6587E+11,80463376431
1563235200,2.79535E+11,75709976955
1563321600,2.45183E+11,80355230322
1563408000,2.55716E+11,77942556998
1563494400,2.77906E+11,63772212402
1563580800,2.75588E+11,58250408359
1563667200,2.83421E+11,53940287853
1563753600,2.79458E+11,51887222359
1563840000,2.71949E+11,55647131363
1563926400,2.607E+11,58086243627
1564012800,2.61311E+11,51363438326
1564099200,2.64329E+11,46261934612
1564185600,2.64052E+11,53134737782
1564272000,2.52929E+11,44073795499
1564358400,2.55553E+11,44413926352
1564444800,2.54812E+11,44178275617
1564531200,2.57383E+11,50681730874
1564617600,2.68486E+11,50778026838
1564704000,2.7391E+11,51666814788
1564790400,2.75257E+11,47437118737
1564876800,2.81496E+11,47343323903
1564963200,2.8447E+11,68063758832
1565049600,3.01346E+11,66229226716
1565136000,2.92458E+11,61528292739
1565222400,3.0211E+11,55683151444
1565308800,2.97468E+11,55808611569
1565395200,2.94482E+11,54631954095
1565481600,2.83737E+11,48643088696
1565568000,2.91252E+11,43100696567
1565654400,2.87059E+11,49855967405
1565740800,2.76753E+11,61301375771
1565827200,2.54463E+11,70073619342
1565913600,2.60004E+11,58561632364
1566000000,2.60019E+11,42228433269
1566086400,2.58012E+11,43162277273
1566172800,2.62693E+11,48214090138
1566259200,2.75275E+11,47588861007
1566345600,2.7061E+11,60419147657
1566432000,2.5612E+11,56502214094
1566518400,2.58134E+11,51290558044
1566604800,2.64061E+11,48894656876
1566691200,2.58221E+11,45533447431
1566777600,2.57148E+11,58176009373
1566864000,2.61412E+11,46986962394
1566950400,2.57574E+11,56560433500
1567036800,2.45278E+11,56052472672
1567123200,2.39752E+11,45133655478
1567209600,2.41348E+11,40131724924
1567296000,2.42078E+11,39305478424
1567382400,2.45427E+11,53639192559
1567468800,2.58586E+11,59113315426
1567555200,2.63091E+11,50357346055
1567641600,2.61126E+11,46469562716
1567728000,2.60813E+11,59166967457
1567814400,2.552E+11,51288223839
1567900800,2.60625E+11,47878561961
1567987200,2.60099E+11,58028186017
1568073600,2.58218E+11,49649456211
1568160000,2.53784E+11,52387291062
1568246400,2.54131E+11,47907464841
1568332800,2.59287E+11,45775607926
1568419200,2.58436E+11,47186609759
1568505600,2.60089E+11,42912272429
1568592000,2.59139E+11,52680788207
1568678400,2.59716E+11,58693464918
1568764800,2.61445E+11,62007082557
1568851200,2.64065E+11,72014546314
1568937600,2.6576E+11,54019858293
1569024000,2.63341E+11,49270001636
1569110400,2.58643E+11,48636474246
1569196800,2.57769E+11,53678109563
1569283200,2.48361E+11,87225012461
1569369600,2.1582E+11,75399663950
1569456000,2.16151E+11,63305891689
1569542400,2.07474E+11,56187209717
1569628800,2.11667E+11,47960765539
1569715200,2.12295E+11,44765440010
1569801600,2.07974E+11,57800507834
1569888000,2.16055E+11,53324025332
1569974400,2.14853E+11,44669919277
1570060800,2.17151E+11,45661577286
1570147200,2.12609E+11,44669776588
1570233600,2.12372E+11,41398347741
1570320000,2.12536E+11,44225827680
1570406400,2.05866E+11,60688870436
1570492800,2.15858E+11,53062404526
1570579200,2.15665E+11,64772282840
1570665600,2.25879E+11,59273235109
1570752000,2.24533E+11,63379724023
1570838400,2.16359E+11,49325448056
1570924800,2.17564E+11,46813404414
1571011200,2.17539E+11,51199515093
1571097600,2.21109E+11,54350455071
1571184000,2.15671E+11,56206080168
1571270400,2.11077E+11,50467383713
1571356800,2.14277E+11,54570823577
1571443200,2.10743E+11,48481200919
1571529600,2.10648E+11,53109033675
1571616000,2.16726E+11,54641870811
1571702400,2.16594E+11,56364413395
1571788800,2.12235E+11,74261167869
1571875200,1.98793E+11,58689950705
1571961600,1.99232E+11,96656953696
1572048000,2.28355E+11,1.37914E+11
1572134400,2.38439E+11,1.06643E+11
1572220800,2.46322E+11,1.01999E+11
1572307200,2.39396E+11,94900861519
1572393600,2.45654E+11,90016754001
1572480000,2.39023E+11,83606088805
1572566400,2.38417E+11,77236598024
1572652800,2.40584E+11,68408883581
1572739200,2.42228E+11,69669735818
1572825600,2.39707E+11,85111416904
1572912000,2.45458E+11,86679192648
1572998400,2.4479E+11,79461279795
1573084800,2.46403E+11,76344051613
1573171200,2.41655E+11,79828713594
1573257600,2.31505E+11,59418516121
1573344000,2.33239E+11,69767177826
1573430400,2.38956E+11,66783194834
1573516800,2.31832E+11,67262784906
1573603200,2.34086E+11,59220030073
1573689600,2.33329E+11,63640506441
1573776000,2.2993E+11,71518225011
1573862400,2.25228E+11,54293941054
1573948800,2.25954E+11,60083761384
1574035200,2.26833E+11,69173205926
1574121600,2.17916E+11,67984867224
1574208000,2.16307E+11,64853836543
1574294400,2.14624E+11,73491248033
1574380800,2.02377E+11,1.06168E+11
1574467200,1.92735E+11,69598433438
1574553600,1.95132E+11,81307662509
1574640000,1.83184E+11,1.14859E+11
1574726400,1.88439E+11,66085470528
1574812800,1.89944E+11,76721172286
1574899200,1.98334E+11,61056460589
1574985600,1.96142E+11,63482612777
1575072000,2.04112E+11,55319959621
1575158400,1.98801E+11,59751714764
1575244800,1.96087E+11,54978418703
1575331200,1.93235E+11,49001051258
1575417600,1.92646E+11,67775679672
1575504000,1.89888E+11,59425198292
1575590400,1.94706E+11,55448199521
1575676800,1.98394E+11,48869036656
1575763200,1.97283E+11,48838949523
1575849600,1.98441E+11,55605296448
1575936000,1.93779E+11,56032556599
1576022400,1.90703E+11,54487933365
1576108800,1.9014E+11,60609427239
1576195200,1.90227E+11,56156320978
1576281600,1.91772E+11,54774395364
1576368000,1.87148E+11,55528375916
1576454400,1.88301E+11,66878460818
1576540800,1.80815E+11,74690917123
1576627200,1.72021E+11,98543086394
1576713600,1.88188E+11,80401465625
1576800000,1.84377E+11,71628540354
1576886400,1.85816E+11,60749881999
1576972800,1.84421E+11,72331899173
1577059200,1.93221E+11,84240702243
1577145600,1.87718E+11,72006146362
1577232000,1.86652E+11,66632669280
1577318400,1.84758E+11,71205229338
1577404800,1.85025E+11,71227185443
1577491200,1.86691E+11,70783894968
1577577600,1.88248E+11,70783894968
1577664000,1.91217E+11,70783894968
1577750400,1.87037E+11,70783894968
1577836800,1.85455E+11,59771135468
1577923200,1.8603E+11,65245417849
1578009600,1.8014E+11,86378429381
1578096000,1.90268E+11,60383066697
1578182400,1.91041E+11,65228883684
1578268800,1.919E+11,79156539199
1578355200,2.03766E+11,88311776760
1578441600,2.10073E+11,93761272919
1578528000,2.07098E+11,73708416448
1578614400,2.02437E+11,91089156591
1578700800,2.13011E+11,83928338809
1578787200,2.09136E+11,76747807806
1578873600,2.13808E+11,73320583080
1578960000,2.11779E+11,1.57227E+11
1579046400,2.37187E+11,1.41809E+11
1579132800,2.3677E+11,1.15228E+11
1579219200,2.34114E+11,1.34493E+11
1579305600,2.41509E+11,1.23505E+11
1579392000,2.41903E+11,1.19094E+11
1579478400,2.34493E+11,94543730396
1579564800,2.33815E+11,86102681085
1579651200,2.3703E+11,80795475092
1579737600,2.35543E+11,91476581411
1579824000,2.26276E+11,91161842763
1579910400,2.2706E+11,71534557134
1579996800,2.24445E+11,80803074550
1580083200,2.32907E+11,1.04281E+11
1580169600,2.40527E+11,1.18196E+11
1580256000,2.51728E+11,1.12648E+11
1580342400,2.49263E+11,1.19723E+11
1580428800,2.57342E+11,1.09653E+11
1580515200,2.52263E+11,97602276432
1580601600,2.5431E+11,1.11991E+11
1580688000,2.54138E+11,1.0895E+11
1580774400,2.54142E+11,1.04199E+11
1580860800,2.52423E+11,1.28677E+11
1580947200,2.66889E+11,1.33666E+11
1581033600,2.71647E+11,1.24325E+11
1581120000,2.73839E+11,1.28165E+11
1581206400,2.77077E+11,1.28041E+11
1581292800,2.85594E+11,1.39103E+11
1581379200,2.78463E+11,1.33177E+11
1581465600,2.89529E+11,1.59981E+11
1581552000,2.97382E+11,1.82284E+11
1581638400,2.9582E+11,1.57602E+11
1581724800,3.02919E+11,1.63992E+11
1581811200,2.85165E+11,1.70431E+11
1581897600,2.81681E+11,1.75769E+11
1581984000,2.78741E+11,1.70498E+11
1582070400,2.91839E+11,1.57793E+11
1582156800,2.72706E+11,1.6301E+11
1582243200,2.72599E+11,1.41204E+11
1582329600,2.76335E+11,1.21878E+11
1582416000,2.74985E+11,1.37992E+11
1582502400,2.8504E+11,1.5684E+11
1582588800,2.7452E+11,1.5261E+11
1582675200,2.61738E+11,1.86473E+11
1582761600,2.43827E+11,1.66276E+11
1582848000,2.46144E+11,1.55691E+11
1582934400,2.43266E+11,1.25294E+11
1583020800,2.38176E+11,1.26419E+11
1583107200,2.37677E+11,1.77061E+11
1583193600,2.49955E+11,1.69712E+11
1583280000,2.45391E+11,1.33301E+11
1583366400,2.45578E+11,1.35449E+11
1583452800,2.5314E+11,1.36718E+11
1583539200,2.5833E+11,1.27849E+11
1583625600,2.49994E+11,1.43781E+11
1583712000,2.22116E+11,1.67819E+11
1583798400,2.21282E+11,1.37374E+11
1583884800,2.20459E+11,1.26614E+11
1583971200,2.19834E+11,1.85977E+11
1584057600,1.34968E+11,2.52122E+11
1584144000,1.58596E+11,1.209E+11
1584230400,1.44297E+11,1.12743E+11
1584316800,1.49182E+11,1.45236E+11
1584403200,1.39975E+11,1.18316E+11
1584489600,1.47419E+11,1.15929E+11
1584576000,1.49935E+11,1.62078E+11
1584662400,1.70944E+11,1.78426E+11
1584748800,1.69898E+11,1.34674E+11
1584835200,1.69888E+11,1.25774E+11
1584921600,1.5916E+11,1.4399E+11
1585008000,1.76494E+11,1.4502E+11
1585094400,1.82573E+11,1.33689E+11
1585180800,1.80499E+11,1.09702E+11
1585267200,1.83347E+11,1.0889E+11
1585353600,1.73885E+11,1.15868E+11
1585440000,1.71973E+11,92418776974
1585526400,1.61991E+11,1.17182E+11
1585612800,1.76604E+11,1.0408E+11
1585699200,1.77405E+11,1.21271E+11
1585785600,1.82795E+11,1.46687E+11
1585872000,1.86647E+11,1.22707E+11
1585958400,1.85994E+11,1.05254E+11
1586044800,1.89879E+11,96333230419
1586131200,1.87003E+11,1.57628E+11
1586217600,2.04843E+11,1.53884E+11
1586304000,2.00658E+11,1.3508E+11
1586390400,2.07194E+11,1.20025E+11
1586476800,2.0536E+11,1.46122E+11
1586563200,1.92917E+11,1.08033E+11
1586649600,1.93293E+11,1.18614E+11
1586736000,1.93812E+11,1.30876E+11
1586822400,1.92452E+11,1.14396E+11
1586908800,1.93582E+11,1.10259E+11
1586995200,1.86995E+11,1.63832E+11
1587081600,2.01348E+11,1.16631E+11
1587168000,1.99212E+11,1.25131E+11
1587254400,2.07458E+11,1.22202E+11
1587340800,2.02624E+11,1.43264E+11
1587427200,1.94216E+11,1.16045E+11
1587513600,1.94937E+11,1.2078E+11
1587600000,2.03197E+11,1.49574E+11
1587686400,2.12754E+11,1.22849E+11
1587772800,2.1255E+11,1.21636E+11
1587859200,2.14888E+11,1.24327E+11
1587945600,2.18681E+11,1.3385E+11
1588032000,2.20291E+11,1.24291E+11
1588118400,2.20747E+11,2.0337E+11
1588204800,2.45109E+11,2.25844E+11
1588291200,2.38619E+11,1.51601E+11
1588377600,2.44323E+11,1.35889E+11
1588464000,2.48262E+11,1.56805E+11
1588550400,2.45563E+11,1.59632E+11
1588636800,2.44385E+11,1.42976E+11
1588723200,2.46948E+11,1.55845E+11
1588809600,2.47344E+11,1.90778E+11
1588896000,2.66576E+11,1.68324E+11
1588982400,2.6341E+11,1.54274E+11
1589068800,2.57628E+11,2.04221E+11
1589155200,2.36906E+11,1.77375E+11
1589241600,2.32948E+11,1.34244E+11
1589328000,2.39189E+11,1.40509E+11
1589414400,2.53361E+11,1.70166E+11
1589500800,2.63403E+11,1.43925E+11
1589587200,2.51598E+11,1.17312E+11
1589673600,2.54365E+11,1.23349E+11
1589760000,2.60995E+11,1.35087E+11
1589846400,2.63476E+11,1.2273E+11
1589932800,2.64617E+11,1.16476E+11
1590019200,2.58346E+11,1.22518E+11
1590105600,2.4673E+11,1.01875E+11
1590192000,2.5181E+11,90321442063
1590278400,2.51663E+11,1.02217E+11
1590364800,2.40242E+11,97601136172
1590451200,2.45874E+11,91203859310
1590537600,2.43931E+11,97257330851
1590624000,2.5263E+11,1.04519E+11
1590710400,2.6225E+11,1.02248E+11
1590796800,2.59201E+11,1.11229E+11
1590883200,2.69614E+11,98101258913
1590969600,2.68755E+11,1.0893E+11
1591056000,2.88588E+11,1.22348E+11
1591142400,2.72884E+11,83184700000
1591228800,2.77639E+11,84871000000
1591315200,2.80119E+11,78643800000
1591401600,2.76093E+11,66254200000
1591488000,2.77787E+11,79250300000
1591574400,2.79711E+11,67010000000
1591660800,2.80606E+11,72108600000
1591747200,2.80161E+11,75262400000
1591833600,2.83357E+11,98282900000
1591920000,2.64636E+11,74688700000
1592006400,2.71072E+11,58570000000
1592092800,2.71588E+11,59279800000
1592179200,2.67381E+11,84881200000
1592265600,2.69486E+11,67099100000
1592352000,2.72336E+11,64572700000
1592438400,2.71026E+11,56695500000
1592524800,2.68304E+11,61017800000
1592611200,2.65847E+11,54845700000
1592697600,2.67529E+11,49424300000
1592784000,2.66061E+11,68431800000
1592870400,2.77329E+11,56356400000
1592956800,2.76143E+11,64261800000
1593043200,2.67171E+11,57082000000
1593129600,2.65664E+11,59049100000
1593216000,2.63459E+11,56860900000
1593302400,2.57267E+11,48729200000
1593388800,2.61101E+11,54080000000
1593475200,2.63467E+11,49988100000
1593561600,2.61985E+11,52687900000
1593648000,2.65559E+11,54241000000
1593734400,2.61597E+11,44421600000
1593820800,2.61113E+11,43691700000
1593907200,2.64426E+11,46534500000
1593993600,2.62648E+11,68764400000
1594080000,2.73105E+11,52721300000
1594166400,2.71034E+11,74914400000
1594252800,2.79644E+11,66020800000
1594339200,2.74067E+11,55593700000
1594425600,2.74517E+11,46421600000
1594512000,2.74006E+11,49801900000
1594598400,2.74627E+11,62274500000
1594684800,2.7203E+11,59861200000
1594771200,2.73381E+11,53412800000
1594857600,2.7415E+11,54653300000
1594944000,2.71373E+11,46577700000
1595030400,2.72011E+11,42378000000
1595116800,2.73457E+11,44363000000
1595203200,2.75075E+11,45858900000
1595289600,2.72033E+11,57348300000
1595376000,2.80034E+11,55277700000
1595462400,2.86416E+11,65155100000
1595548800,2.89885E+11,59117900000
1595635200,2.87858E+11,65286900000
1595721600,2.97203E+11,75689300000
1595808000,3.01774E+11,1.13776E+11
1595894400,3.25383E+11,95861400000
1595980800,3.24495E+11,82605200000
1596067200,3.27848E+11,79322800000
1596153600,3.30942E+11,80911100000
1596240000,3.38318E+11,96682400000
1596326400,3.5666E+11,1.14953E+11
1596412800,3.36883E+11,80082200000
1596499200,3.44728E+11,83929600000
1596585600,3.44246E+11,85095200000
1596672000,3.57274E+11,83142700000
1596758400,3.57913E+11,93068600000
1596844800,3.51249E+11,67152200000
1596931200,3.5932E+11,68717600000
1597017600,3.57127E+11,92574100000
1597104000,3.63615E+11,1.02033E+11
1597190400,3.477E+11,93986600000
1597276800,3.5522E+11,1.12185E+11
1597363200,3.66174E+11,96729600000
1597449600,3.68455E+11,96097200000
1597536000,3.71381E+11,89431400000
1597622400,3.74801E+11,1.07232E+11
1597708800,3.82214E+11,1.00867E+11
1597795200,3.71957E+11,99288900000
1597881600,3.63406E+11,81302600000
1597968000,3.69115E+11,1.02872E+11
1598054400,3.54812E+11,81314300000
1598140800,3.61852E+11,71087200000
1598227200,3.60536E+11,77360800000
1598313600,3.66092E+11,98772400000
1598400000,3.50655E+11,85583300000
1598486400,3.5455E+11,88417600000
1598572800,3.48912E+11,74848200000
1598659200,3.56643E+11,72551000000
1598745600,3.56901E+11,84316300000
1598832000,3.70619E+11,88893200000
1598918400,3.69342E+11,1.15242E+11
1599004800,3.82277E+11,1.23863E+11
1599091200,3.62971E+11,1.30824E+11
1599177600,3.225E+11,1.29818E+11
1599264000,3.31958E+11,1.77827E+11
1599350400,3.15132E+11,1.51505E+11
1599436800,3.2206E+11,1.35411E+11
1599523200,3.24748E+11,1.28079E+11
1599609600,3.169E+11,97440900000
1599696000,3.22333E+11,2.06517E+11
1599782400,3.27946E+11,1.79145E+11
1599868800,3.30636E+11,1.36094E+11
1599955200,3.35055E+11,1.69198E+11
1600041600,3.28677E+11,1.28803E+11
1600128000,3.37931E+11,1.18689E+11
1600214400,3.35983E+11,1.17969E+11
1600300800,3.39677E+11,1.28879E+11
1600387200,3.43913E+11,1.05958E+11
1600473600,3.42781E+11,86827800000
1600560000,3.45579E+11,92737100000
1600646400,3.39513E+11,1.18453E+11
1600732800,3.21188E+11,88457400000
1600819200,3.25086E+11,85759500000
1600905600,3.1339E+11,87025100000
1600992000,3.307E+11,83643700000
1601078400,3.32549E+11,73026400000
1601164800,3.34498E+11,75955429777
1601251200,3.36459E+11,88530795561
1601337600,3.3355E+11,79120678964
1601424000,3.38442E+11,75561697132
1601510400,3.37473E+11,94435601464
1601596800,3.31986E+11,1.3209E+11
1601683200,3.28346E+11,1.02177E+11
1601769600,3.28049E+11,1.31247E+11
1601856000,3.32613E+11,1.12656E+11
1601942400,3.35087E+11,1.28177E+11
1602028800,3.26659E+11,1.07573E+11
1602115200,3.292E+11,1.39442E+11
1602201600,3.36675E+11,1.04256E+11
1602288000,3.43244E+11,1.00988E+11
1602374400,3.49037E+11,92074426279
1602460800,3.51383E+11,1.15789E+11
1602547200,3.57207E+11,1.04276E+11
1602633600,3.5678E+11,1.02767E+11
1602720000,3.53248E+11,1.03323E+11
1602806400,3.557E+11,1.07175E+11
1602892800,3.48416E+11,79603753358
1602979200,3.49554E+11,78722419427
1603065600,3.54751E+11,92822412826
1603152000,3.58957E+11,1.1129E+11
1603238400,3.58355E+11,1.50515E+11
1603324800,3.80364E+11,1.2757E+11
1603411200,3.89033E+11,1.11412E+11
1603497600,3.87983E+11,96448739486
1603584000,3.93174E+11,95630924645
1603670400,3.9103E+11,1.28088E+11
1603756800,3.88634E+11,1.23216E+11
1603843200,4.01326E+11,1.32222E+11
1603929600,3.90868E+11,1.45509E+11
1604016000,3.92339E+11,1.17845E+11
1604102400,3.93584E+11,1.03472E+11
1604188800,3.99939E+11,86665375350
1604275200,4.01241E+11,1.15578E+11
1604361600,3.9328E+11,1.1148E+11
1604448000,4.01066E+11,1.27422E+11
1604534400,4.05528E+11,1.29338E+11
1604620800,4.35443E+11,1.37222E+11
1604707200,4.45022E+11,1.37487E+11
1604793600,4.24378E+11,94901771595
1604880000,4.41374E+11,1.15713E+11
1604966400,4.38141E+11,96438773063
1605052800,4.39037E+11,1.08612E+11
1605139200,4.48033E+11,1.11794E+11
1605225600,4.58771E+11,1.18404E+11
1605312000,4.64492E+11,99464906439
1605398400,4.57049E+11,90606516423
1605484800,4.51579E+11,2.49333E+11
1605571200,4.69579E+11,1.39715E+11
1605657600,4.92518E+11,1.69688E+11
1605744000,4.92285E+11,1.31143E+11
1605830400,4.92913E+11,1.46179E+11
1605916800,5.17504E+11,1.92516E+11
1606003200,5.36398E+11,2.09075E+11
1606089600,5.29002E+11,2.15789E+11
1606176000,5.47338E+11,2.63714E+11
1606262400,5.71237E+11,2.19781E+11
1606348800,5.50865E+11,2.76156E+11
1606435200,5.03879E+11,1.78144E+11
1606521600,5.05349E+11,1.521E+11
1606608000,5.24062E+11,1.43477E+11
1606694400,5.38217E+11,2.02169E+11
1606780800,5.77962E+11,2.26278E+11
1606867200,5.4998E+11,1.60319E+11
1606953600,5.63672E+11,1.3441E+11
1607040000,5.71123E+11,1.40912E+11
1607126400,5.41388E+11,1.15617E+11
1607212800,5.59892E+11,1.0911E+11
1607299200,5.66062E+11,1.07928E+11
1607385600,5.60453E+11,1.24396E+11
1607472000,5.32655E+11,1.43993E+11
1607558400,5.41867E+11,1.06657E+11
1607644800,5.32065E+11,1.13601E+11
1607731200,5.23044E+11,95164034868
1607817600,5.41725E+11,1.02412E+11
1607904000,5.54067E+11,90435400323
1607990400,5.55636E+11,1.05828E+11
1608076800,5.57784E+11,1.67384E+11
1608163200,6.09826E+11,2.69054E+11
1608249600,6.38158E+11,1.71621E+11
1608336000,6.47606E+11,1.55036E+11
1608422400,6.62265E+11,1.54024E+11
1608508800,6.50796E+11,1.79647E+11
1608595200,6.27727E+11,1.84169E+11
1608681600,6.50905E+11,2.20652E+11
1608768000,6.15511E+11,1.83563E+11
1608854400,6.39343E+11,1.79461E+11
1608940800,6.60172E+11,1.79738E+11
1609027200,6.94222E+11,2.45897E+11
1609113600,6.94935E+11,1.99187E+11
1609200000,7.19133E+11,1.93543E+11
1609286400,7.24821E+11,1.85917E+11
1609372800,7.55123E+11,1.61683E+11
1609459200,7.59916E+11,1.54959E+11
1609545600,7.66199E+11,2.24283E+11
1609632000,8.25749E+11,3.09733E+11
1609718400,8.75041E+11,3.36202E+11
1609804800,8.64631E+11,2.73104E+11
1609891200,9.14962E+11,3.15806E+11
1609977600,9.93821E+11,3.44627E+11
1610064000,1.0465E+12,3.41818E+11
1610150400,1.06694E+12,2.75334E+11
1610236800,1.07854E+12,3.57332E+11
1610323200,1.03284E+12,4.69342E+11
1610409600,9.46056E+11,3.0161E+11
1610496000,9.1513E+11,2.54547E+11
1610582400,1.00081E+12,2.53916E+11
1610668800,1.05143E+12,2.88484E+11
1610755200,9.96964E+11,2.6147E+11
1610841600,9.97799E+11,2.35495E+11
1610928000,9.97285E+11,2.1054E+11
1611014400,1.02021E+12,2.72449E+11
1611100800,1.01498E+12,2.92482E+11
1611187200,1.01316E+12,3.11684E+11
1611273600,8.73826E+11,3.06009E+11
1611360000,9.39966E+11,2.06396E+11
1611446400,9.27871E+11,2.15649E+11
1611532800,9.53291E+11,2.59181E+11
1611619200,9.39562E+11,2.55559E+11
1611705600,9.52542E+11,2.60978E+11
1611792000,8.88738E+11,2.72638E+11
1611878400,9.72549E+11,4.5885E+11
1611964800,9.97086E+11,2.95994E+11
1612051200,1.00764E+12,2.59923E+11
1612137600,9.77383E+11,3.05073E+11
1612224000,1.0015E+12,2.91605E+11
1612310400,1.05182E+12,2.89698E+11
1612396800,1.12581E+12,3.29371E+11
1612483200,1.10979E+12,2.98695E+11
1612569600,1.16695E+12,3.13706E+11
1612656000,1.18188E+12,3.28731E+11
1612742400,1.1693E+12,4.04033E+11
1612828800,1.3477E+12,3.98178E+11
1612915200,1.37263E+12,4.33346E+11
1613001600,1.35656E+12,3.7506E+11
1613088000,1.43543E+12,3.81571E+11
1613174400,1.45368E+12,3.9638E+11
1613260800,1.45753E+12,3.61904E+11
1613347200,1.46784E+12,4.13346E+11
1613433600,1.44709E+12,3.60581E+11
1613520000,1.47077E+12,3.59406E+11
1613606400,1.55462E+12,2.52761E+11
1613692800,1.56318E+12,3.0494E+11
1613779200,1.68623E+12,3.5406E+11
1613865600,1.6698E+12,2.6756E+11
1613952000,1.71744E+12,4.34702E+11
1614038400,1.6211E+12,4.90393E+11
1614124800,1.45679E+12,3.20544E+11
1614211200,1.49111E+12,2.57743E+11
1614297600,1.40557E+12,8.62233E+11
1614384000,1.39082E+12,2.32011E+11
1614470400,1.39909E+12,2.62877E+11
1614556800,1.36857E+12,2.43215E+11
1614643200,1.49542E+12,2.27367E+11
1614729600,1.45911E+12,2.34913E+11
1614816000,1.51546E+12,2.52901E+11
1614902400,1.47259E+12,2.16551E+11
1614988800,1.47708E+12,1.6931E+11
1615075200,1.4957E+12,1.84914E+11
1615161600,1.5554E+12,2.26565E+11
1615248000,1.60683E+12,2.42189E+11
1615334400,1.68565E+12,2.41951E+11
1615420800,1.68285E+12,2.37424E+11
1615507200,1.73182E+12,2.51727E+11
1615593600,1.7045E+12,2.6829E+11
1615680000,1.81559E+12,2.11946E+11
1615766400,1.75264E+12,2.77814E+11
1615852800,1.67609E+12,2.57548E+11
1615939200,1.71878E+12,2.52106E+11
1616025600,1.77577E+12,2.3251E+11
1616112000,1.73815E+12,2.09283E+11
1616198400,1.76163E+12,2.14073E+11
1616284800,1.75935E+12,2.05949E+11
1616371200,1.74721E+12,2.28634E+11
1616457600,1.65806E+12,2.23359E+11
1616544000,1.66241E+12,2.66385E+11
1616630400,1.58894E+12,2.6215E+11
1616716800,1.57171E+12,2.22175E+11
1616803200,1.6907E+12,1.9586E+11
1616889600,1.70705E+12,1.86716E+11
1616976000,1.70708E+12,2.13664E+11
1617062400,1.77254E+12,2.16686E+11
1617148800,1.80724E+12,2.91705E+11
1617235200,1.82431E+12,2.90479E+11
1617321600,1.83849E+12,2.79653E+11
1617408000,1.88005E+12,2.89461E+11
1617494400,1.81777E+12,2.57712E+11
1617580800,1.87577E+12,3.46592E+11
1617667200,1.9275E+12,3.89436E+11
1617753600,1.9238E+12,4.09148E+11
1617840000,1.82742E+12,2.60339E+11
1617926400,1.91954E+12,2.20647E+11
1618012800,1.92339E+12,2.89386E+11
1618099200,1.99015E+12,2.60434E+11
1618185600,2.00994E+12,2.75503E+11
1618272000,2.02486E+12,3.58864E+11
1618358400,2.14686E+12,4.41024E+11
1618444800,2.16506E+12,3.48731E+11
1618531200,2.20657E+12,5.79134E+11
1618617600,2.17892E+12,4.51662E+11
1618704000,2.12005E+12,5.65576E+11
1618790400,2.00433E+12,4.23494E+11
1618876800,1.96861E+12,4.25595E+11
1618963200,2.02607E+12,3.32414E+11
1619049600,1.94847E+12,4.20165E+11
1619136000,1.87382E+12,4.98719E+11
1619222400,1.86259E+12,2.67318E+11
1619308800,1.79499E+12,2.37461E+11
1619395200,1.79068E+12,2.94638E+11
1619481600,1.97734E+12,2.65498E+11
1619568000,2.04378E+12,2.77316E+11
1619654400,2.05093E+12,2.44249E+11
1619740800,2.03283E+12,2.60565E+11
1619827200,2.15442E+12,2.3926E+11
1619913600,2.19485E+12,2.23014E+11
1620000000,2.16071E+12,3.02034E+11
1620086400,2.26042E+12,4.6751E+11
1620172800,2.12901E+12,4.95984E+11
1620259200,2.34042E+12,5.35359E+11
1620345600,2.30613E+12,5.42364E+11
1620432000,2.3296E+12,5.099E+11
1620518400,2.41042E+12,5.12437E+11
1620604800,2.39612E+12,5.131E+11
1620691200,2.29155E+12,4.38218E+11
1620777600,2.46003E+12,4.75033E+11
1620864000,2.15791E+12,6.0417E+11
1620950400,2.19871E+12,3.92861E+11
1621036800,2.29315E+12,3.95882E+11
1621123200,2.13759E+12,3.93395E+11
1621209600,2.12888E+12,4.32801E+11
1621296000,1.98801E+12,3.4711E+11
1621382400,2.00539E+12,7.02007E+11
1621468800,1.55805E+12,5.13391E+11
1621555200,1.75473E+12,4.34038E+11
1621641600,1.57194E+12,3.12161E+11
1621728000,1.52264E+12,4.18628E+11
1621814400,1.39768E+12,3.89147E+11
1621900800,1.64217E+12,3.43974E+11
1621987200,1.6364E+12,3.01047E+11
1622073600,1.72351E+12,2.50233E+11
1622160000,1.6678E+12,2.9472E+11
1622246400,1.52619E+12,2.42688E+11
1622332800,1.46363E+12,1.89345E+11
1622419200,1.51949E+12,2.19237E+11
1622505600,1.63047E+12,2.06431E+11
1622592000,1.61195E+12,2.03217E+11
1622678400,1.66223E+12,2.04901E+11
1622764800,1.73623E+12,2.37936E+11
1622851200,1.62972E+12,1.89891E+11
1622937600,1.5836E+12,1.4281E+11
1623024000,1.6108E+12,1.79393E+11
1623110400,1.51163E+12,2.55016E+11
1623196800,1.49601E+12,2.39282E+11
1623283200,1.61052E+12,1.901E+11
1623369600,1.55463E+12,1.67006E+11
1623456000,1.53221E+12,1.65297E+11
1623542400,1.4978E+12,1.66872E+11
1623628800,1.60903E+12,1.86947E+11
1623715200,1.6608E+12,1.66674E+11
1623801600,1.64167E+12,1.61868E+11
1623888000,1.56579E+12,1.4628E+11
1623974400,1.56549E+12,1.51212E+11
1624060800,1.48263E+12,1.24893E+11
1624147200,1.45769E+12,1.50755E+11
1624233600,1.47507E+12,2.32018E+11
1624320000,1.26166E+12,2.623E+11
1624406400,1.27108E+12,1.90911E+11
1624492800,1.33901E+12,1.443E+11
1624579200,1.37665E+12,1.73162E+11
1624665600,1.26223E+12,1.53858E+11
1624752000,1.28081E+12,1.38519E+11
1624838400,1.36536E+12,1.50638E+11
1624924800,1.3807E+12,1.69981E+11
1625011200,1.43703E+12,1.64844E+11
1625097600,1.43613E+12,1.5621E+11
1625184000,1.36405E+12,1.44035E+11
1625270400,1.38048E+12,1.09277E+11
1625356800,1.41602E+12,1.15392E+11
1625443200,1.44868E+12,1.25417E+11
1625529600,1.38981E+12,1.33565E+11
1625616000,1.42693E+12,1.33752E+11
1625702400,1.41817E+12,1.45885E+11
1625788800,1.35182E+12,1.34723E+11
1625875200,1.38379E+12,1.09049E+11
1625961600,1.36768E+12,93204196371
1626048000,1.39248E+12,1.10487E+11
1626134400,1.34513E+12,1.04209E+11
1626220800,1.32175E+12,1.15486E+11
1626307200,1.33064E+12,1.14656E+11
1626393600,1.30046E+12,1.14663E+11
1626480000,1.26782E+12,98757438608
1626566400,1.28245E+12,93190289028
1626652800,1.28884E+12,1.00469E+11
1626739200,1.24382E+12,1.17034E+11
1626825600,1.19987E+12,1.46591E+11
1626912000,1.30478E+12,1.14934E+11
1626998400,1.3176E+12,1.22576E+11
1627084800,1.36951E+12,1.2821E+11
1627171200,1.39563E+12,1.10503E+11
1627257600,1.41949E+12,2.32486E+11
1627344000,1.46233E+12,1.70474E+11
1627430400,1.52677E+12,1.65494E+11
1627516800,1.55019E+12,1.26389E+11
1627603200,1.55833E+12,1.51379E+11
1627689600,1.6328E+12,1.32827E+11
1627776000,1.62259E+12,1.45026E+11
1627862400,1.59111E+12,1.35146E+11
1627948800,1.58587E+12,1.37568E+11
1628035200,1.55412E+12,1.40989E+11
1628121600,1.62652E+12,1.72211E+11
1628208000,1.67004E+12,1.74679E+11
1628294400,1.72036E+12,2.11022E+11
1628380800,1.81898E+12,1.88359E+11
1628467200,1.76239E+12,1.96238E+11
1628553600,1.84964E+12,1.8914E+11
1628640000,1.8549E+12,2.21994E+11
1628726400,1.8835E+12,2.10401E+11
1628812800,1.84269E+12,1.8852E+11
1628899200,1.99186E+12,1.97803E+11
1628985600,1.98505E+12,1.99357E+11
1629072000,2.00499E+12,2.14413E+11
1629158400,1.95288E+12,2.22049E+11
1629244800,1.88808E+12,2.06328E+11
1629331200,1.90729E+12,2.02584E+11
1629417600,2.00838E+12,1.95033E+11
1629504000,2.09454E+12,1.98005E+11
1629590400,2.07183E+12,1.57612E+11
1629676800,2.09315E+12,2.01285E+11
1629763200,2.1352E+12,2.0799E+11
1629849600,2.03745E+12,1.93732E+11
1629936000,2.0889E+12,1.8783E+11
1630022400,1.99146E+12,1.95691E+11
1630108800,2.11802E+12,1.62036E+11
1630195200,2.10833E+12,1.5874E+11
1630281600,2.09827E+12,1.88281E+11
1630368000,2.05131E+12,2.24339E+11
1630454400,2.10023E+12,2.24946E+11
1630540800,2.21924E+12,2.22711E+11
1630627200,2.23494E+12,2.47848E+11
1630713600,2.28819E+12,2.16867E+11
1630800000,2.29552E+12,2.05834E+11
1630886400,2.36979E+12,2.41284E+11
1630972800,2.39886E+12,4.18137E+11
1631059200,2.12429E+12,3.2743E+11
1631145600,2.13256E+12,2.62186E+11
1631232000,2.15091E+12,2.5199E+11
1631318400,2.07604E+12,2.02014E+11
1631404800,2.1039E+12,1.91546E+11
1631491200,2.15145E+12,2.56034E+11
1631577600,2.08012E+12,2.05156E+11
1631664000,2.15995E+12,1.78048E+11
1631750400,2.22255E+12,1.95674E+11
1631836800,2.19544E+12,1.77081E+11
1631923200,2.14427E+12,1.56198E+11
1632009600,2.19794E+12,1.45159E+11
1632096000,2.14313E+12,2.58683E+11
1632182400,1.93215E+12,2.53126E+11
1632268800,1.82538E+12,2.12887E+11
1632355200,1.99789E+12,1.83323E+11
1632441600,2.05992E+12,2.39689E+11
1632528000,1.95786E+12,1.71216E+11
1632614400,1.94451E+12,1.96395E+11
1632700800,1.96108E+12,1.74675E+11
1632787200,1.9042E+12,1.62061E+11
1632873600,1.84527E+12,1.59911E+11
1632960000,1.87842E+12,1.61934E+11
1633046400,1.96673E+12,2.07786E+11
1633132800,2.15215E+12,1.72706E+11
1633219200,2.15247E+12,1.59232E+11
1633305600,2.1828E+12,1.89451E+11
1633392000,2.19181E+12,1.9062E+11
1633478400,2.26086E+12,2.46088E+11
1633564800,2.33673E+12,2.23765E+11
1633651200,2.31445E+12,1.96283E+11
1633737600,2.31627E+12,1.64515E+11
1633824000,2.35608E+12,1.73001E+11
1633910400,2.29833E+12,1.89827E+11
1633996800,2.36908E+12,1.90811E+11
1634083200,2.32984E+12,1.93443E+11
1634169600,2.39434E+12,1.73073E+11
1634256000,2.41619E+12,2.29317E+11
1634342400,2.51564E+12,1.61634E+11
1634428800,2.48435E+12,1.44118E+11
1634515200,2.49133E+12,1.71772E+11
1634601600,2.48309E+12,1.6027E+11
1634688000,2.55576E+12,1.82511E+11
1634774400,2.65829E+12,2.2338E+11
1634860800,2.55138E+12,1.8927E+11
1634947200,2.53E+12,1.40378E+11
1635033600,2.58038E+12,1.68049E+11
1635120000,2.5515E+12,1.69861E+11
1635206400,2.6385E+12,1.99E+11
1635292800,2.56988E+12,3.2099E+11
1635379200,2.46646E+12,3.14451E+11
1635465600,2.5892E+12,2.27275E+11
1635552000,2.65967E+12,2.28583E+11
1635638400,2.62723E+12,2.40657E+11
1635724800,2.62468E+12,2.27171E+11
1635811200,2.63512E+12,2.88966E+11
1635897600,2.73726E+12,2.36223E+11
1635984000,2.74715E+12,2.21247E+11
1636070400,2.70024E+12,1.94457E+11
1636156800,2.6913E+12,1.68096E+11
1636243200,2.71937E+12,1.43285E+11
1636329600,2.77459E+12,2.18976E+11
1636416000,2.9023E+12,2.47737E+11
1636502400,2.88588E+12,2.99772E+11
1636588800,2.79365E+12,2.13156E+11
1636675200,2.8286E+12,2.13498E+11
1636761600,2.80118E+12,1.65257E+11
1636848000,2.81431E+12,1.3741E+11
1636934400,2.83384E+12,1.65434E+11
1637020800,2.76973E+12,2.5905E+11
1637107200,2.59324E+12,2.1449E+11
1637193600,2.61535E+12,2.44028E+11
1637280000,2.45961E+12,2.09303E+11
1637366400,2.57434E+12,1.7109E+11
1637452800,2.63803E+12,1.61895E+11
1637539200,2.58093E+12,2.00459E+11
1637625600,2.49556E+12,2.11928E+11
1637712000,2.56916E+12,2.22092E+11
1637798400,2.53269E+12,2.35381E+11
1637884800,2.63698E+12,2.68707E+11
1637971200,2.40154E+12,1.75445E+11
1638057600,2.43961E+12,1.81314E+11
1638144000,2.52871E+12,1.82861E+11
1638230400,2.57979E+12,2.25883E+11
1638316800,2.58584E+12,2.06989E+11
1638403200,2.59051E+12,1.89354E+11
1638489600,2.57088E+12,2.24706E+11
1638576000,2.44029E+12,3.54394E+11
1638662400,2.29035E+12,2.11032E+11
1638748800,2.27036E+12,2.36236E+11
1638835200,2.33174E+12,1.91014E+11
1638921600,2.32803E+12,1.75183E+11
1639008000,2.3686E+12,1.77058E+11
1639094400,2.22683E+12,1.76554E+11
1639180800,2.16617E+12,1.43778E+11
1639267200,2.25494E+12,1.1523E+11
1639353600,2.2763E+12,1.66884E+11
1639440000,2.11301E+12,4.34975E+11
1639526400,2.18437E+12,2.00199E+11
1639612800,2.24402E+12,1.54151E+11
1639699200,2.1988E+12,1.77287E+11
1639785600,2.14426E+12,1.43011E+11
1639872000,2.19913E+12,1.28158E+11
1639958400,2.18502E+12,1.69723E+11
1640044800,2.19675E+12,1.43814E+11
1640131200,2.27248E+12,1.48286E+11
1640217600,2.26683E+12,1.7699E+11
1640304000,2.3818E+12,1.5331E+11
1640390400,2.37269E+12,1.19383E+11
1640476800,2.38505E+12,1.28805E+11
1640563200,2.39974E+12,1.39398E+11
1640649600,2.38739E+12,1.87565E+11
1640736000,2.24738E+12,1.59645E+11
1640822400,2.18848E+12,1.38929E+11
1640908800,2.21705E+12,1.59501E+11
1640995200,2.19203E+12,1.14557E+11
1641081600,2.24813E+12,1.23674E+11
1641168000,2.24405E+12,1.51664E+11
1641254400,2.21401E+12,1.80518E+11
1641340800,2.19737E+12,1.95318E+11
1641427200,2.07322E+12,1.87385E+11
1641513600,2.04718E+12,2.59116E+11
1641600000,1.96631E+12,1.59355E+11
1641686400,1.94156E+12,1.25963E+11
1641772800,1.96525E+12,1.76043E+11
1641859200,1.93769E+12,1.50836E+11
1641945600,2.0089E+12,1.64342E+11
1642032000,2.07875E+12,1.81087E+11
1642118400,2.01972E+12,1.51876E+11
1642204800,2.05765E+12,1.0659E+11
1642291200,2.06541E+12,1.06301E+11
1642377600,2.0687E+12,1.3137E+11
1642464000,2.01174E+12,1.34905E+11
1642550400,1.99709E+12,1.28477E+11
1642636800,1.95389E+12,1.00116E+11
1642723200,1.88993E+12,2.25291E+11
1642809600,1.68764E+12,2.35585E+11
1642896000,1.60908E+12,1.4933E+11
1642982400,1.67098E+12,2.30315E+11
1643068800,1.64474E+12,1.39344E+11
1643155200,1.6666E+12,1.80434E+11
1643241600,1.65688E+12,1.39344E+11
1643328000,1.65183E+12,1.25575E+11
1643414400,1.68404E+12,1.03048E+11
1643500800,1.70857E+12,89689363716
1643587200,1.68985E+12,1.15992E+11
1643673600,1.7237E+12,2.28976E+11
1643760000,1.75745E+12,1.11904E+11
1643846400,1.68305E+12,1.05654E+11
1643932800,1.70343E+12,1.45455E+11
1644019200,1.86345E+12,1.30133E+11
1644105600,1.87311E+12,1.02805E+11
1644192000,1.91299E+12,1.65481E+11
1644278400,1.98699E+12,1.81165E+11
1644364800,1.9797E+12,1.3286E+11
1644451200,2.00831E+12,1.82738E+11
1644537600,1.94669E+12,1.58595E+11
1644624000,1.87757E+12,1.17904E+11
1644710400,1.87691E+12,97143856103
1644796800,1.85583E+12,1.17289E+11
1644883200,1.87882E+12,1.31178E+11
1644969600,1.9873E+12,1.21191E+11
1645056000,1.95905E+12,1.46312E+11
1645142400,1.82359E+12,1.31177E+11
1645228800,1.78937E+12,90854681844
1645315200,1.79197E+12,1.11111E+11
1645401600,1.7142E+12,1.69847E+11
1645488000,1.65099E+12,1.48415E+11
1645574400,1.70053E+12,1.34562E+11
1645660800,1.66144E+12,2.65803E+11
1645747200,1.68498E+12,1.61076E+11
1645833600,1.75221E+12,1.16137E+11
1645920000,1.75273E+12,1.40684E+11
1646006400,1.68019E+12,1.80765E+11
1646092800,1.87909E+12,1.8729E+11
1646179200,1.91361E+12,1.67673E+11
1646265600,1.89704E+12,1.39379E+11
1646352000,1.84123E+12,1.5176E+11
1646438400,1.71717E+12,96959925796
1646524800,1.73837E+12,1.05879E+11
1646611200,1.6836E+12,1.47701E+11
1646697600,1.66159E+12,1.36574E+11
1646784000,1.69662E+12,1.64487E+11
1646870400,1.80877E+12,1.59032E+11
1646956800,1.72667E+12,1.40028E+11
1647043200,1.69619E+12,90636807483
1647129600,1.69957E+12,1.00474E+11
1647216000,1.66221E+12,1.25131E+11
1647302400,1.7196E+12,1.25981E+11
1647388800,1.71584E+12,1.81698E+11
1647475200,1.7932E+12,1.30337E+11
1647561600,1.7955E+12,1.65792E+11
1647648000,1.83812E+12,1.35637E+11
1647734400,1.86336E+12,1.32524E+11
1647820800,1.82088E+12,1.50487E+11
1647907200,1.82914E+12,1.71333E+11
1647993600,1.87726E+12,1.61897E+11
1648080000,1.91256E+12,1.88179E+11
1648166400,1.96335E+12,1.58815E+11
1648252800,1.95778E+12,99137717377
1648339200,1.98149E+12,1.46115E+11
1648425600,2.07031E+12,2.09766E+11
1648512000,2.07792E+12,2.02426E+11
1648598400,2.107E+12,1.93801E+11
1648684800,2.10878E+12,2.13613E+11
1648771200,2.04801E+12,2.19229E+11
1648857600,2.10382E+12,1.92309E+11
1648944000,2.09158E+12,1.58152E+11
1649030400,2.12733E+12,1.89453E+11
1649116800,2.12693E+12,1.6945E+11
1649203200,2.07623E+12,2.23215E+11
1649289600,1.94874E+12,1.51422E+11
1649376000,1.98E+12,1.54959E+11
1649462400,1.92564E+12,96723995521
1649548800,1.95489E+12,1.03959E+11
1649635200,1.92141E+12,1.80019E+11
1649721600,1.79941E+12,1.65845E+11
1649808000,1.83331E+12,1.40971E+11
1649894400,1.87728E+12,1.33963E+11
1649980800,1.82906E+12,1.07892E+11
1650067200,1.85442E+12,86387163726
1650153600,1.85373E+12,98509123023
1650240000,1.81298E+12,1.66236E+11
1650326400,1.85887E+12,1.38681E+11
1650412800,1.89163E+12,1.56559E+11
1650499200,1.87972E+12,1.82505E+11
1650585600,1.83559E+12,1.45294E+11
1650672000,1.81652E+12,92554627148
1650758400,1.80183E+12,95293349824
1650844800,1.79476E+12,1.79838E+11
1650931200,1.83431E+12,1.67995E+11
1651017600,1.72948E+12,1.48705E+11
1651104000,1.77337E+12,1.63211E+11
1651190400,1.79006E+12,1.62303E+11
1651276800,1.73485E+12,1.35399E+11
1651363200,1.67243E+12,1.43469E+11
1651449600,1.71651E+12,1.5061E+11
1651536000,1.71985E+12,1.24288E+11
1651622400,1.69072E+12,1.70271E+11
1651708800,1.78815E+12,1.99652E+11
1651795200,1.66065E+12,7.94248E+11
1651881600,1.64126E+12,1.27034E+11
1651968000,1.6072E+12,1.72748E+11
1652054400,1.55388E+12,2.77765E+11
1652140800,1.36145E+12,2.93012E+11
1652227200,1.41289E+12,3.63603E+11
1652313600,1.27381E+12,3.34174E+11
1652400000,1.22208E+12,2.08935E+11
1652486400,1.25026E+12,1.67227E+11
1652572800,1.28135E+12,1.2692E+11
1652659200,1.33381E+12,1.51284E+11
1652745600,1.2679E+12,1.35393E+11
1652832000,1.29978E+12,1.37043E+11
1652918400,1.2151E+12,1.45712E+11
1653004800,1.2713E+12,1.34291E+11
1653091200,1.23422E+12,82571550972
1653177600,1.24729E+12,97342132686
1653264000,1.27872E+12,1.40976E+11
1653350400,1.23596E+12,1.19974E+11
1653436800,1.25311E+12,1.18848E+11
1653523200,1.24199E+12,1.6702E+11
1653609600,1.19494E+12,1.68904E+11
1653696000,1.17008E+12,91720663941
1653782400,1.19592E+12,1.34894E+11
1653868800,1.21006E+12,1.34894E+11
1653955200,1.30002E+12,1.34894E+11
1654041600,1.29512E+12,1.35121E+11
1654128000,1.21676E+12,1.35121E+11
1654214400,1.23884E+12,1.35121E+11
1654300800,1.20488E+12,1.35121E+11
1654387200,1.21471E+12,1.35121E+11
1654473600,1.21431E+12,1.35121E+11
1654560000,1.25564E+12,1.35121E+11
1654646400,1.24088E+12,1
1654732800,1.2174E+12,1
1654819200,1.21546E+12,1
1654905600,1.16552E+12,1
1654992000,1.11921E+12,1
1655078400,1.05296E+12,1
1655164800,9.24283E+11,1
1655251200,9.19887E+11,1
1655337600,9.4832E+11,1
1655424000,8.61769E+11,1
